Water,Geno,Layer,Length.cm..mean,ProjArea.cm2..mean,SurfArea.cm2..mean,AvgDiam.mm..mean,RootVolume.cm3..mean,Tips.mean,Forks.mean,Crossings.mean,X0..L...0.1500000.mean,X0.1500000..L...0.3000000.mean,X0.3000000..L...0.5000000.mean,X0.5000000..L...1.0000000.mean,.L..1.0000000.mean,X0..SA...0.1500000.mean,X0.1500000..SA...0.3000000.mean,X0.3000000..SA...0.5000000.mean,X0.5000000..SA...1.0000000.mean,.SA..1.0000000.mean,X0..PA...0.1500000.mean,X0.1500000..PA...0.3000000.mean,X0.3000000..PA...0.5000000.mean,X0.5000000..PA...1.0000000.mean,.PA..1.0000000.mean,X0..V...0.1500000.mean,X0.1500000..V...0.3000000.mean,X0.3000000..V...0.5000000.mean,X0.5000000..V...1.0000000.mean,.V..1.0000000.mean,X0..T...0.1500000.mean,X0.1500000..T...0.3000000.mean,X0.3000000..T...0.5000000.mean,X0.5000000..T...1.0000000.mean,.T..1.0000000.mean,Length.cm..se,ProjArea.cm2..se,SurfArea.cm2..se,AvgDiam.mm..se,RootVolume.cm3..se,Tips.se,Forks.se,Crossings.se,X0..L...0.1500000.se,X0.1500000..L...0.3000000.se,X0.3000000..L...0.5000000.se,X0.5000000..L...1.0000000.se,.L..1.0000000.se,X0..SA...0.1500000.se,X0.1500000..SA...0.3000000.se,X0.3000000..SA...0.5000000.se,X0.5000000..SA...1.0000000.se,.SA..1.0000000.se,X0..PA...0.1500000.se,X0.1500000..PA...0.3000000.se,X0.3000000..PA...0.5000000.se,X0.5000000..PA...1.0000000.se,.PA..1.0000000.se,X0..V...0.1500000.se,X0.1500000..V...0.3000000.se,X0.3000000..V...0.5000000.se,X0.5000000..V...1.0000000.se,.V..1.0000000.se,X0..T...0.1500000.se,X0.1500000..T...0.3000000.se,X0.3000000..T...0.5000000.se,X0.5000000..T...1.0000000.se,.T..1.0000000.se,Layer2
Irrigated,Harrington,1,551.4087,8.51835,26.76125,0.15465,0.103,2427.5,1774.5,382.5,374.37385,158.34595,16.1885,2.22815,0,10.68595,10.2651,1.9329,0.40385,0,3.40145,3.2675,0.6153,0.1286,0,0.0269,0.0548,0.0187,0.00585,0,2128.5,271.5,24.5,3,0,96.9181,1.44425,4.53725,0.00095,0.017,626.5,290.5,67.5,81.59995,11.51325,4.5409,0.80285,0,2.59245,0.8812,0.5244,0.14325,0,0.82525,0.2805,0.1669,0.0456,0,0.0069,0.0056,0.0049,0.00205,0,511.5,105.5,10.5,1,0,15
Rainfed,Harrington,1,374.45405,5.6295,17.6856,0.1505,0.0665,2008.5,1073,207,263.1142,104.1178,6.59485,0.61015,0,7.76785,6.68315,0.7674,0.11115,0,2.47255,2.1273,0.24425,0.0354,0,0.0201,0.0353,0.0072,0.00165,0,1729.5,260.5,16.5,2,0,19.40965,0.1919,0.603,0.0027,0.0015,234.5,128,27,16.7289,5.8011,2.55465,0.56755,0,0.51295,0.36825,0.3172,0.10405,0,0.16325,0.1172,0.10095,0.0331,0,0.0013,0.0019,0.0032,0.00155,0,164.5,58.5,9.5,2,0,15
Irrigated,OSU 102,1,703.1298,10.7324,33.71685,0.15215,0.129,3179.5,2672,581.5,505.4879,177.67645,18.11575,1.6987,0.03735,15.06725,11.35455,2.0789,0.3307,0.01445,4.79605,3.61425,0.66175,0.1053,0.0046,0.03915,0.0599,0.01925,0.00525,0.00045,2738,415.5,21,5,0,60.7846,1.3315,4.18285,0.00575,0.021,403.5,103,6.5,23.2121,33.85435,3.53555,0.1918,0.03735,1.03955,2.17895,0.3796,0.0358,0.01445,0.33095,0.69355,0.12085,0.0114,0.0046,0.00345,0.0116,0.00325,0.00055,0.00045,277,119.5,3,4,0,15
Rainfed,OSU 102,1,568.47485,8.727,27.4166,0.16205,0.1055,2766.5,2464,570.5,397.69035,156.1156,13.82065,0.72915,0,11.7344,9.97475,1.60125,0.13245,0,3.73515,3.17505,0.5097,0.04215,0,0.03045,0.05245,0.015,0.00195,0,2410,342.5,13.5,0.5,0,425.59565,6.2477,19.6278,0.01145,0.0715,1737.5,1776,502.5,315.32725,100.6736,9.08245,0.43135,0,9.1884,6.44345,1.04865,0.07945,0,2.92475,2.05105,0.3338,0.02525,0,0.02355,0.03395,0.0098,0.00115,0,1597,137.5,3.5,0.5,0,15
Irrigated,OSU 105,1,526.9423,8.08075,25.3863,0.15345,0.0975,2546,1699,326.5,359.3168,156.98625,10.1186,0.4388,0,10.7712,9.96105,1.16635,0.0829,0,3.4286,3.1707,0.37125,0.0264,0,0.0282,0.05205,0.01085,0.0013,0,2120,405,20.5,0.5,0,4.8507,0.34505,1.084,0.00795,0.0095,335,12,32.5,33.8083,28.14155,1.0225,0.167,0,0.8051,1.76935,0.11505,0.0287,0,0.2563,0.5632,0.03665,0.0091,0,0.0017,0.00905,0.00105,4.00E-04,0,376,39,2.5,0.5,0,15
Rainfed,OSU 105,1,336.7935,5.1195,16.08335,0.1549,0.061,1783,1117.5,203,236.1482,89.91345,9.29655,1.2257,0.08955,6.8053,5.7526,1.08965,0.24545,0.03245,2.1662,1.8311,0.34685,0.07815,0.01035,0.0173,0.0303,0.01035,0.00415,0.00095,1571,200.5,11,0.5,0,136.6262,1.8777,5.89895,0.0071,0.02,926,698.5,157,106.0861,28.60695,1.85475,0.0472,0.07615,3.0866,1.7215,0.23195,0.01245,0.02815,0.9825,0.548,0.07385,0.00395,0.00895,0.008,0.0085,0.00235,0.00065,0.00085,813,107.5,6,0.5,0,15
Irrigated,OSU 107,1,764.46485,11.7135,36.79905,0.15285,0.141,3567,2772,664,532.3429,207.22085,22.291,2.45055,0,15.65935,13.0298,2.61355,0.45675,0,4.98455,4.14755,0.8319,0.14535,0,0.04035,0.06735,0.02475,0.0069,0,3094,443.5,26,3.5,0,94.04825,1.6631,5.22475,0.00295,0.023,169,303,76,48.0764,42.75585,3.3687,0.12505,0,1.54435,2.7182,0.35905,0.02435,0,0.49155,0.86525,0.1143,0.00775,0,0.00425,0.01425,0.00305,4.00E-04,0,96,62.5,9,1.5,0,15
Rainfed,OSU 107,1,623.28075,9.0535,28.4424,0.14315,0.1035,3130.5,2167.5,535.5,451.54245,164.27405,7.03795,0.32295,0,13.1889,10.27085,0.80355,0.0608,0,4.1982,3.2693,0.2558,0.0194,0,0.03385,0.0526,0.0074,0.00095,0,2740.5,373.5,16,0.5,0,159.13855,2.7875,8.7573,0.00815,0.0375,773.5,486.5,104.5,83.73035,72.33395,2.88185,0.13795,0,2.7945,4.52365,0.32775,0.0239,0,0.8895,1.4399,0.1043,0.0076,0,0.00785,0.0231,0.003,0.00035,0,579.5,184.5,9,0.5,0,15
Irrigated,OSU 12,1,678.417,11.59665,36.432,0.17365,0.156,3580,3119,596,414.01795,236.6786,23.66515,3.7338,0.02805,12.4443,15.2273,2.79185,0.708,0.00895,3.96115,4.847,0.88865,0.22535,0.00285,0.03285,0.0806,0.02665,0.0109,0.00025,2929.5,601.5,42.5,6,0.5,205.3643,2.95875,9.2953,0.00895,0.032,639,612,280,153.30705,49.6312,1.49835,0.7062,0.01745,4.6116,3.0897,0.19025,0.1563,0.00555,1.46795,0.9835,0.06055,0.04975,0.00175,0.01205,0.0157,0.00195,0.0028,0.00015,572.5,68.5,3.5,1,0.5,15
Rainfed,OSU 12,1,1140.493,22.56925,70.9033,0.3026,0.352,4718,4999,900.5,516.2139,549.21645,66.4648,8.21495,0.0432,16.7806,35.80645,7.84055,1.5657,0.01455,5.34145,11.39755,2.4957,0.4984,0.0046,0.04695,0.19225,0.0748,0.02435,4.00E-04,3247.5,1346.5,107.5,16.5,0,11.7772,1.56785,4.9256,0.1165,0.045,548,153,227.5,61.4303,49.54955,21.4094,2.19035,0.034,2.0277,3.91275,2.54335,0.3883,0.01165,0.64545,1.24545,0.8096,0.1236,0.0037,0.00565,0.02485,0.0244,0.00555,3.00E-04,163.5,312.5,61.5,10.5,0,15
Irrigated,OSU 124,1,527.6534,7.4512,23.40875,0.14225,0.083,2498.5,1668,374,395.31405,123.7374,7.9786,0.4509,0.05375,11.2299,7.81085,0.9149,0.0823,0.02535,3.5746,2.48625,0.2912,0.0262,0.0081,0.0282,0.04055,0.00845,0.00125,0.00095,2220.5,263,13,2,0,60.0335,0.3607,1.13315,0.00935,0.001,527.5,253,109,70.34095,7.8823,2.2413,0.1468,0.05375,1.7983,0.64355,0.2563,0.0288,0.02535,0.5724,0.20485,0.0816,0.0092,0.0081,0.0042,0.00425,0.00235,0.00045,0.00095,549.5,17,3,2,0,15
Rainfed,OSU 124,1,841.2317,13.2937,41.7633,0.15845,0.165,4432,3278.5,799.5,586.89545,219.35325,28.17675,6.0891,0.3819,17.1663,14.01605,3.33735,1.22785,0.13385,5.4642,4.46145,1.0623,0.39085,0.0426,0.0442,0.0738,0.032,0.0203,0.0038,3868,510,45.5,8,0.5,91.3261,1.1234,3.5293,0.00385,0.01,726,614.5,153.5,79.64735,7.97675,3.13545,0.4086,0.0355,2.0965,0.39445,0.37155,0.08285,0.01475,0.6673,0.12555,0.1183,0.02635,0.0047,0.005,0.0014,0.0036,0.0015,5.00E-04,692,38,4.5,1,0.5,15
Irrigated,OSU 127,1,359.8628,5.2378,16.455,0.14595,0.06,1886.5,1010,197.5,252.43495,99.25125,7.28375,0.83725,0.01975,7.0003,6.25695,0.8782,0.1577,0.0064,2.2283,1.99165,0.27955,0.0502,0.00205,0.01735,0.0324,0.00855,0.0024,0.00015,1677.5,194,13.5,1.5,0,64.9204,0.8739,2.7453,0.00205,0.009,288.5,200,50.5,54.13905,6.40465,3.66995,0.65715,0.01975,1.2839,0.48255,0.4658,0.1202,0.0064,0.4087,0.15365,0.14825,0.0383,0.00205,0.00275,0.003,0.00475,0.0018,0.00015,279.5,4,3.5,1.5,0,15
Rainfed,OSU 127,1,404.0381,5.79195,18.196,0.1422,0.065,1952.5,1052.5,252.5,298.29625,95.19955,8.7134,1.6767,0.08775,8.33265,6.14055,1.0366,0.29615,0.02925,2.65235,1.9546,0.32995,0.0943,0.0093,0.0207,0.0327,0.01,0.0042,8.00E-04,1757,188.5,5.5,1.5,0,158.4698,2.37225,7.4526,0.0029,0.028,559.5,464.5,151.5,115.34445,35.52425,5.7888,1.6601,0.08775,3.30625,2.15455,0.7189,0.29345,0.02925,1.05245,0.6858,0.22885,0.0934,0.0093,0.0084,0.0106,0.0072,0.0042,8.00E-04,496,58.5,3.5,1.5,0,15
Irrigated,OSU 137,1,451.232,6.3941,20.08765,0.1442,0.0715,2250,1431,293.5,332.30965,110.4766,7.999,0.3845,0,9.2072,7.09035,0.9175,0.07085,0,2.93075,2.25695,0.29205,0.0225,0,0.02255,0.0375,0.0085,0.00105,0,2014.5,223.5,11,1,0,122.9891,1.3629,4.28175,0.0091,0.0105,734,578,141.5,117.12485,6.1554,0.5599,0.2382,0,3.1895,0.23995,0.051,0.04465,0,1.01525,0.07635,0.01625,0.0142,0,0.00775,0.0004,3.00E-04,0.00065,0,707.5,27.5,2,1,0,15
Rainfed,OSU 137,1,470.0222,7.1934,22.5988,0.153,0.086,2127,1568,382,326.6847,128.5925,13.9464,0.4646,0,9.3547,8.6534,1.5828,0.0947,0,2.9777,2.7544,0.5038,0.0301,0,0.0237,0.0483,0.0145,0.0016,0,1884,225,17,1,0,NA,NA,NA,NA,NA,NA,NA,NA,NA,NA,NA,NA,NA,NA,NA,NA,NA,NA,NA,NA,NA,NA,NA,NA,NA,NA,NA,NA,NA,NA,NA,NA,NA,15
Irrigated,OSU 144,1,804.8736,12.7162,39.94915,0.1578,0.1575,4049.5,3260,676.5,540.50535,244.51485,17.3946,2.1889,0.0541,16.51285,15.21855,2.0498,0.4005,0.01795,5.2562,4.8442,0.65245,0.12745,0.0057,0.0439,0.0778,0.01955,0.00595,5.00E-04,3371.5,639,35,4,0,39.5262,0.9405,2.95475,0.0039,0.0155,375.5,155,62.5,0.60835,43.63715,3.2624,1.466,0.0541,0.82475,2.58615,0.4324,0.2723,0.01795,0.2625,0.8232,0.13765,0.08665,0.0057,0.0037,0.0125,0.00465,0.00415,5.00E-04,409.5,43,7,2,0,15
Rainfed,OSU 144,1,541.5123,8.15935,25.63335,0.16405,0.0985,2749.5,2013.5,498,382.17185,144.20345,13.35685,1.4712,0.2612,10.7857,9.2939,1.5898,0.2724,0.15455,3.4332,2.95835,0.50605,0.0867,0.0492,0.027,0.0492,0.0153,0.0041,0.00785,2448,286,14.5,1,0,289.7577,3.40105,10.68485,0.02495,0.0275,1659.5,1164.5,334,251.76465,41.18225,2.40315,0.5573,0.2612,7.1154,2.2643,0.3061,0.1083,0.15455,2.2649,0.72075,0.09745,0.0345,0.0492,0.0178,0.0099,0.0031,0.0017,0.00785,1515,142,3.5,1,0,15
Irrigated,OSU 15,1,287.80325,4.31275,13.54885,0.1569,0.0515,1549.5,644,115,197.7483,76.34515,12.3334,1.35135,0,5.3995,4.98635,1.40965,0.2409,0,1.7187,1.5872,0.4487,0.0767,0,0.0132,0.02665,0.01305,0.00345,0,1370,155,21,3.5,0,105.18375,1.09235,3.43165,0.0194,0.0065,661.5,423,94,101.8718,11.45995,7.3607,0.81005,0,2.9887,0.52485,0.82505,0.1407,0,0.9513,0.1671,0.2626,0.0448,0,0.0076,0.00175,0.00745,0.00195,0,627,49,12,2.5,0,15
Rainfed,OSU 15,1,803.74265,13.4404,42.2243,0.1695,0.1775,4509.5,3349.5,740.5,541.726,207.4089,34.62845,19.6686,0.0023,15.4491,13.41045,4.17105,3.6928,0.00075,4.9176,4.2687,1.3277,1.17545,0.00025,0.0389,0.0714,0.04065,0.05565,0,3880.5,565,56.5,7.5,0,169.98365,2.0154,6.3315,0.0108,0.0155,765.5,1465.5,364.5,120.9548,64.8352,1.60855,14.3592,0.0023,3.5295,4.15215,0.25505,2.6799,0.00075,1.1235,1.3217,0.0812,0.85305,0.00025,0.0091,0.0218,0.00305,0.03985,0,657.5,113,5.5,0.5,0,15
Irrigated,OSU 16,1,581.8815,9.2715,29.1273,0.1625,0.116,2706.5,2251,560,371.8475,187.33385,20.9282,1.6415,0,10.53075,12.23765,2.4048,0.29395,0,3.35205,3.89535,0.76545,0.0936,0,0.02665,0.06555,0.0223,0.0043,0,2332,349.5,23.5,1.5,0,326.0288,4.9703,15.6146,0.0056,0.059,1001.5,1741,464,227.4551,102.69355,3.7248,0.5195,0,6.95565,6.54525,0.429,0.07475,0,2.21405,2.08345,0.13655,0.0238,0,0.01835,0.03445,0.004,8.00E-04,0,891,120.5,8.5,1.5,0,15
Rainfed,OSU 16,1,594.16985,9.4658,29.73775,0.15915,0.1185,2964.5,2142.5,439.5,385.84445,192.371,14.35965,1.3418,0.0368,11.53945,12.2294,1.65245,0.2576,0.01455,3.67315,3.8927,0.526,0.08195,0.00465,0.03035,0.06395,0.01535,0.004,0.00045,2503,432,27.5,2,0,75.42535,1.2676,3.98225,0.00115,0.0165,842.5,779.5,164.5,52.56895,16.6994,4.98515,1.0467,0.0368,1.21315,1.1995,0.60575,0.205,0.01455,0.38615,0.3818,0.1928,0.06525,0.00465,0.00265,0.00715,0.00595,0.0033,0.00045,758,71,11.5,2,0,15
Irrigated,OSU 18,1,743.8724,11.2059,35.2043,0.152,0.133,3411.5,2691.5,674.5,531.11865,193.1551,17.9329,1.4964,0.0023,15.74405,12.2116,2.08925,0.27995,0.00075,5.0115,3.8871,0.66505,0.0891,0.00025,0.0409,0.0637,0.0197,0.0043,0,2942,429.5,36.5,3.5,0,274.0057,3.8879,12.2141,0.0037,0.043,966.5,1358.5,394.5,203.03355,73.4948,2.1431,0.4613,0.0023,6.41045,4.1817,0.25655,0.09165,0.00075,2.0405,1.3311,0.08165,0.0292,0.00025,0.0174,0.019,0.0025,0.0015,0,819,152.5,2.5,2.5,0,15
Rainfed,OSU 18,1,821.9609,13.0349,40.9502,0.1586,0.162,4568,5240,1093,578.7679,210.4819,25.8708,6.1117,0.3634,16.7258,13.3519,3.0852,1.1923,0.1347,5.324,4.2501,0.982,0.3795,0.0429,0.0426,0.0697,0.0298,0.0191,0.004,3992,536,33,7,0,NA,NA,NA,NA,NA,NA,NA,NA,NA,NA,NA,NA,NA,NA,NA,NA,NA,NA,NA,NA,NA,NA,NA,NA,NA,NA,NA,NA,NA,NA,NA,NA,NA,15
Irrigated,OSU 19,1,342.51125,5.6143,17.63775,0.1614,0.0725,1639,1031.5,176,219.00835,109.8686,8.93945,3.9915,0.67255,6.1525,7.07275,1.05465,0.8657,0.2448,1.9584,2.2513,0.3357,0.27555,0.0779,0.0153,0.0373,0.01005,0.01545,0.0073,1450,171.5,13.5,3.5,0.5,93.19415,1.8228,5.72655,0.0093,0.0275,566,389.5,70,58.36535,24.7729,5.36105,3.9915,0.67255,1.54,1.69435,0.65765,0.8657,0.2448,0.4902,0.5393,0.2093,0.27555,0.0779,0.0036,0.0095,0.00655,0.01545,0.0073,508,48.5,5.5,3.5,0.5,15
Rainfed,OSU 19,1,733.539,9.64515,30.30115,0.13115,0.1,4072.5,2714.5,641.5,589.4879,136.379,7.14965,0.3343,0,16.19845,8.56505,0.8297,0.0586,0,5.15615,2.7263,0.2641,0.01865,0,0.0396,0.04415,0.0078,0.00085,0,3766,296.5,9.5,0.5,0,67.4998,1.16665,3.66505,0.00385,0.015,304.5,490.5,133.5,45.253,18.2473,3.79745,0.2127,0,1.33285,1.29995,0.4551,0.0378,0,0.42425,0.4138,0.1449,0.01205,0,0.0034,0.00765,0.0044,0.00055,0,264,37.5,2.5,0.5,0,15
Irrigated,OSU 24,1,927.22965,15.39295,48.35835,0.1658,0.201,4081.5,4319.5,1108.5,603.5389,280.6127,34.73455,7.7518,0.3337,17.5736,18.1463,4.17935,1.48205,0.14,5.59385,5.77615,1.33035,0.47175,0.04455,0.04505,0.0965,0.0407,0.02305,0.00485,3407.5,618,49,7,0,354.42645,5.93115,18.63325,0.0006,0.078,1211.5,2436.5,766.5,251.2169,75.4223,21.13605,6.1644,0.3337,6.7324,5.0914,2.56725,1.19685,0.14,2.14295,1.62065,0.81715,0.38095,0.04455,0.01615,0.0284,0.0252,0.01895,0.00485,1125.5,68,13,5,0,15
Rainfed,OSU 24,1,938.67795,14.4621,45.43395,0.1559,0.1755,4663,4477.5,1041.5,660.59255,251.3495,24.10855,2.4024,0,19.28095,16.09765,2.8481,0.4456,0,6.13735,5.124,0.9066,0.14185,0,0.0495,0.0847,0.02725,0.00665,0,4039,579.5,41.5,3,0,235.58685,2.9967,9.41435,0.0072,0.0285,812,1519.5,482.5,204.48525,32.6023,1.62645,0.084,0,5.95445,1.87735,0.2133,0.0156,0,1.89535,0.5976,0.0679,0.00495,0,0.0152,0.0087,0.00225,0.00025,0,863,35.5,14.5,1,0,15
Irrigated,OSU 33,1,484.70615,6.6619,20.92895,0.14095,0.0725,2645,1402.5,340.5,367.33,110.0019,5.7745,1.4386,0.11355,10.066,6.92715,0.67545,0.3308,0.0414,3.2041,2.20495,0.215,0.1053,0.01315,0.02455,0.03585,0.0064,0.0063,0.0012,2401,236,6.5,1,0.5,173.64755,1.9705,6.19065,0.00985,0.0165,1207,481.5,187.5,153.7358,20.216,1.0303,1.2416,0.11355,4.1293,1.29265,0.10445,0.2974,0.0414,1.3144,0.41145,0.0332,0.0947,0.01315,0.00985,0.00675,8.00E-04,0.0058,0.0012,1114,90,4.5,1,0.5,15
Rainfed,OSU 33,1,503.2623,7.7345,24.29865,0.15525,0.093,2629,1910,413,347.59455,139.7544,14.73445,1.05455,0,10.01435,8.9892,1.71365,0.19375,0,3.18765,2.86135,0.54545,0.0617,0,0.02555,0.04765,0.01605,0.00285,0,2291.5,320,15,2.5,0,223.0423,3.2858,10.32265,0.00355,0.038,1131,1184,318,164.43695,53.4782,4.78055,0.24575,0,4.68315,3.3761,0.54845,0.04125,0,1.49065,1.07465,0.17455,0.0131,0,0.01185,0.01755,0.00505,0.00055,0,1011.5,118,2,0.5,0,15
Irrigated,OSU 35,1,408.5979,6.17165,19.38885,0.1533,0.073,2217,1260,247,284.5495,113.66225,9.7415,0.5568,0,8.3393,7.2369,1.1126,0.10185,0,2.65445,2.3036,0.35415,0.0324,0,0.02145,0.0379,0.01025,0.00155,0,1916,283.5,17.5,0,0,202.8506,2.92195,9.17955,0.0046,0.033,1179,856,194,147.3362,54.22395,1.0009,0.2568,0,4.2661,3.3229,0.1132,0.04865,0,1.35795,1.0577,0.03605,0.0155,0,0.01095,0.0166,0.00105,0.00075,0,996,175.5,7.5,0,0,15
Rainfed,OSU 35,1,435.0189,6.7398,21.1736,0.1551,0.082,1963,1279.5,232,293.2387,130.29305,10.39055,0.8685,0,8.7447,8.3692,1.1972,0.15245,0,2.78355,2.664,0.38105,0.04855,0,0.0228,0.04425,0.01115,0.0021,0,1672,267,22.5,1.5,0,50.2801,0.7174,2.2538,0.0014,0.008,513,107.5,6,37.7977,11.56465,1.15725,0.0909,0,1.1946,0.7011,0.1221,0.01525,0,0.38025,0.2232,0.03885,0.00485,0,0.0033,0.00355,0.00105,2.00E-04,0,445,65,2.5,0.5,0,15
Irrigated,OSU 38,1,661.83265,10.4486,32.82515,0.15305,0.13,3397.5,2786.5,593.5,460.7867,162.31395,34.36,4.09235,0.14155,13.03175,10.4315,4.02735,0.8037,0.04955,4.14815,3.32045,1.28195,0.25585,0.01575,0.03265,0.05535,0.03805,0.01295,0.0014,3005,366.5,22.5,3.5,0,312.69125,5.458,17.14675,0.01015,0.074,1828.5,2057.5,489.5,205.7226,85.45705,17.337,3.90095,0.14155,5.91645,5.749,2.04085,0.7701,0.04955,1.88325,1.82995,0.64965,0.24515,0.01575,0.01515,0.03205,0.01955,0.01245,0.0014,1583,226.5,16.5,2.5,0,15
Rainfed,OSU 38,1,580.61695,8.5773,26.94635,0.1499,0.1,3574.5,1770,391,404.22035,157.74365,17.3126,1.192,0.0512,11.15595,10.14245,1.9938,0.2134,0.01655,3.55105,3.22845,0.63465,0.06795,0.00525,0.02775,0.05335,0.01855,0.0031,4.00E-04,3115.5,421.5,34,3,0.5,169.79395,2.1198,6.65965,0.0073,0.02,586.5,855,196,156.67425,16.14925,2.3583,0.706,0.0512,5.09665,0.63545,0.2775,0.1309,0.01655,1.62235,0.20225,0.08835,0.04165,0.00525,0.01385,0.00155,0.00265,0.002,4.00E-04,620.5,15.5,15,3,0.5,15
Irrigated,OSU 40,1,351.5223,5.3793,16.89965,0.15135,0.0645,1712,972,228,234.9589,107.2182,8.2858,0.98445,0,6.6824,6.8874,0.96835,0.1861,0,2.1271,2.19235,0.3082,0.05925,0,0.0168,0.0364,0.00915,0.0029,0,1492.5,203,13.5,3,0,144.3029,2.327,7.31045,0.00405,0.0295,764,444,114,91.553,48.5103,3.5279,0.64285,0,2.7756,3.0277,0.41315,0.1224,0,0.8835,0.96375,0.1315,0.03895,0,0.0073,0.0154,0.00395,0.0019,0,635.5,115,11.5,2,0,15
Rainfed,OSU 40,1,584.35895,8.2389,25.8832,0.1409,0.091,3356,2443.5,592,442.67165,128.4743,12.3533,0.72875,0,12.3045,8.18625,1.41915,0.13185,0,3.91665,2.6058,0.45175,0.042,0,0.0305,0.04295,0.0132,0.0019,0,3040,299.5,16,0.5,0,191.05265,2.7089,8.5103,0.0003,0.03,1217,1156.5,290,149.99985,34.5194,6.0899,0.34395,0,4.119,2.23805,0.70195,0.06225,0,1.31115,0.7124,0.22345,0.0198,0,0.0101,0.01195,0.0065,9.00E-04,0,1126,83.5,8,0.5,0,15
Irrigated,OSU 44,1,901.2938,14.166,44.5036,0.1572,0.175,4402,3782,825,602.3448,268.4972,27.3292,2.7701,0,17.4063,17.339,3.2106,0.5208,0,5.5406,5.5192,1.022,0.1658,0,0.0445,0.092,0.0305,0.008,0,3839,537,23,3,0,NA,NA,NA,NA,NA,NA,NA,NA,NA,NA,NA,NA,NA,NA,NA,NA,NA,NA,NA,NA,NA,NA,NA,NA,NA,NA,NA,NA,NA,NA,NA,NA,NA,15
Rainfed,OSU 44,1,486.21575,7.7555,24.36465,0.16865,0.098,2499.5,1741,337.5,317.71865,151.86005,14.1646,2.02405,0.2996,9.163,9.76995,1.67215,0.4738,0.0999,2.9167,3.10985,0.53225,0.1508,0.0318,0.0234,0.05165,0.01595,0.00925,0.00265,2130,347.5,19,2.5,0.5,249.33475,3.3367,10.48265,0.01785,0.033,1562.5,1173,276.5,195.98315,53.57945,0.0014,0.42845,0.0531,5.6053,3.21955,0.00075,0.1213,0.0186,1.7842,1.02485,0.00025,0.0386,0.0059,0.0142,0.01575,5.00E-05,0.00265,0.00055,1337,219.5,6,0.5,0.5,15
Irrigated,OSU 47,1,587.6044,8.37835,26.32135,0.1434,0.094,3641,1945.5,459,427.4004,138.8144,19.5866,1.7834,0.00985,11.1957,9.0171,2.23825,0.3389,0.0031,3.5637,2.87025,0.71245,0.10785,0.001,0.02655,0.0478,0.02065,0.0053,1.00E-04,3257,352.5,30,1.5,0,56.2731,0.30115,0.94615,0.0086,0.002,93,381.5,102,80.155,14.2189,8.9469,0.7222,0.00985,2.571,1.0117,0.99725,0.1356,0.0031,0.8184,0.32205,0.31745,0.04315,0.001,0.00665,0.0055,0.00895,0.0021,1.00E-04,15,96.5,12,0.5,0,15
Rainfed,OSU 47,1,504.5183,7.0573,22.1712,0.1401,0.0775,2232,1452.5,332.5,385.6783,111.47375,6.87225,0.3813,0,11.1376,7.09205,0.7828,0.0707,0,3.54525,2.25745,0.24915,0.02255,0,0.02815,0.03705,0.0072,0.00105,0,2020.5,202,9,0.5,0,158.9845,2.1933,6.8906,0.0007,0.0235,647,462.5,131.5,127.5328,29.52525,1.91565,0.0444,0,3.8731,1.79865,0.2114,0.0124,0,1.23285,0.57255,0.06725,0.00395,0,0.01005,0.00895,0.0019,0.00025,0,576.5,70,0,0.5,0,15
Irrigated,OSU 48,1,603.62205,8.89455,27.94295,0.14465,0.103,3011,2100.5,491,435.6638,149.65855,16.94975,1.26575,0.00685,12.42575,9.44095,1.9779,0.2403,0.0022,3.95525,3.00515,0.62955,0.0765,7.00E-04,0.03135,0.04895,0.01865,0.0037,5.00E-05,2675,318.5,17,0.5,0,231.88005,3.77565,11.86155,0.00695,0.048,845,992.5,259,158.1144,63.72185,9.67155,0.34885,0.00685,5.07225,3.96815,1.1274,0.0596,0.0022,1.61455,1.26305,0.35885,0.019,7.00E-04,0.01375,0.02035,0.01065,8.00E-04,5.00E-05,684,151.5,10,0.5,0,15
Rainfed,OSU 48,1,692.0273,10.12705,31.81505,0.14635,0.1165,3186,2441,665,505.01465,173.748,11.8193,1.15685,0.10275,14.7565,10.95525,1.3595,0.2286,0.03545,4.69715,3.48715,0.43275,0.07275,0.0113,0.03785,0.05675,0.01265,0.0037,0.001,2820,346,18.5,1,0.5,22.2826,0.28215,0.88655,0.00065,0.0025,89,132,29,10.84145,14.866,2.926,0.53445,0.01075,0.5598,0.77925,0.3543,0.1118,0.00545,0.17815,0.24805,0.11275,0.03555,0.0017,0.00195,0.00315,0.00345,0.0019,2.00E-04,66,23,0.5,0,0.5,15
Irrigated,OSU 51,1,834.30995,12.6466,39.73045,0.1515,0.1505,3918,3638,855.5,601.4956,205.9437,22.95665,3.49105,0.07435,17.5648,13.0063,2.74675,0.66135,0.02725,5.59105,4.14005,0.8743,0.2105,0.00865,0.04505,0.0675,0.0266,0.01025,8.00E-04,3393.5,494,24.5,6,0,88.66575,1.4183,4.45565,0.0009,0.0175,148,439,121.5,51.303,42.2096,2.91175,1.93495,0.05495,1.8551,2.6111,0.42005,0.35975,0.02025,0.59045,0.83115,0.1337,0.1145,0.00645,0.00535,0.0132,0.0048,0.00545,6.00E-04,185.5,41,2.5,1,0,15
Rainfed,OSU 51,1,830.23275,12.4165,39.0076,0.1496,0.146,4400,3577.5,840.5,604.09975,204.3424,18.92985,2.2872,0.35905,17.653,12.79975,2.19755,0.4584,0.13315,5.61915,4.0743,0.6995,0.1459,0.0424,0.0454,0.0659,0.0206,0.0076,0.00405,3827,536.5,32,4,0.5,15.40125,0.029,0.0911,0.0031,0.003,121,334.5,179.5,26.12515,7.9545,1.74925,0.7312,0.35905,0.5729,0.35625,0.22405,0.1683,0.13315,0.18235,0.1134,0.0713,0.0536,0.0424,0.001,0.001,0.0023,0.0032,0.00405,108,8.5,3,1,0.5,15
Irrigated,OSU 52,1,849.503,12.5566,39.44775,0.1496,0.146,4033.5,3431.5,810,617.04405,214.88455,16.1052,1.31975,0,17.92255,13.6598,1.84565,0.24525,0,5.70495,4.34805,0.5875,0.07805,0,0.04565,0.07145,0.0171,0.00365,0,3524,487,20.5,2,0,266.0804,3.496,10.98295,0.0057,0.035,1372.5,1570.5,465,221.40095,43.51955,1.0471,0.03335,0,6.27865,2.5776,0.13825,0.01025,0,1.99855,0.82045,0.044,0.00325,0,0.01575,0.01235,0.0015,0.00025,0,1240,131,1.5,0,0,15
Rainfed,OSU 52,1,356.4583,5.0108,15.742,0.1412,0.0555,1761,1162,263,263.87675,88.1177,4.05075,0.3401,0,7.3721,5.64565,0.4613,0.0687,0,2.3466,1.7971,0.14685,0.0219,0,0.01835,0.02975,0.00425,0.00115,0,1600.5,156,4,0.5,0,51.7368,0.5809,1.825,0.0042,0.0045,117,180,48,48.57615,4.1928,0.84715,0.2326,0,1.4257,0.24315,0.1045,0.0503,0,0.4538,0.0774,0.03325,0.016,0,0.00375,0.00115,0.00105,0.00085,0,122.5,3,3,0.5,0,15
Irrigated,OSU 53,1,543.3521,8.23005,25.8554,0.16005,0.099,3064.5,2426,531,395.88355,124.90535,18.1293,4.0736,0.20525,10.94745,8.0732,2.18325,0.8397,0.078,3.4847,2.5698,0.69495,0.2673,0.0248,0.027,0.043,0.0213,0.01435,0.00245,2731,305.5,20.5,7.5,0,232.8139,2.63695,8.2842,0.02005,0.02,1507.5,1326,396,205.88575,32.55285,5.2216,0.3212,0.19155,5.52235,1.9135,0.64975,0.0866,0.0736,1.7578,0.6091,0.20685,0.0276,0.0234,0.0133,0.0091,0.0065,0.00185,0.00235,1396,110.5,0.5,0.5,0,15
Rainfed,OSU 53,1,411.6085,5.90695,18.5572,0.14225,0.0665,2281,1587.5,368.5,305.9193,92.68415,12.109,0.8198,0,8.5747,5.7951,1.40565,0.14915,0,2.7294,1.84465,0.44745,0.04745,0,0.0214,0.02975,0.01315,0.00215,0,2038.5,223.5,18,1,0,219.8905,3.22565,10.1337,0.00235,0.0375,1412,809.5,196.5,164.4126,47.81585,7.1493,0.4713,0,4.829,2.9246,0.82755,0.08845,0,1.5371,0.93095,0.26345,0.02815,0,0.0125,0.01465,0.00775,0.00135,0,1253.5,145.5,13,0,0,15
Irrigated,OSU 60,1,923.2829,15.7736,49.5543,0.1797,0.213,3950,4539.5,1093.5,604.838,272.41055,27.8765,17.97075,0.08565,18.76225,17.3329,3.2885,3.34125,0.02845,5.9722,5.51725,1.0468,1.06355,0.00905,0.0502,0.0908,0.0314,0.04985,0.00075,3272.5,629,43,5,0.5,551.1461,8.5361,26.817,0.0148,0.102,2340,3657.5,948.5,377.2229,171.58625,14.4384,12.09935,0.04165,11.81215,10.9037,1.666,2.21415,0.01385,3.7599,3.47075,0.5303,0.70475,0.00445,0.0318,0.057,0.0156,0.03215,0.00035,1954.5,359,25,2,0.5,15
Rainfed,OSU 60,1,733.68585,10.82855,34.0189,0.1484,0.1255,3484.5,2695,649,538.34775,179.81105,14.34795,0.95115,0.0878,15.9841,11.2855,1.64925,0.1853,0.0314,5.0879,3.5923,0.525,0.05895,0.01,0.0415,0.05825,0.0153,0.003,9.00E-04,3043,422.5,18,1,0,91.37245,0.87215,2.7399,0.0066,0.0045,558.5,244,144,83.93745,14.56445,6.58795,0.39745,0.0878,2.341,0.6735,0.76085,0.0869,0.0314,0.7452,0.2144,0.2422,0.02765,0.01,0.0058,0.00205,0.0071,0.0016,9.00E-04,508,56.5,6,0,0,15
Irrigated,OSU 61,1,820.1158,13.36175,41.9772,0.1631,0.171,3582.5,3380.5,706,514.9504,280.71305,22.09445,2.11915,0,15.189,17.98075,2.5723,0.4015,0,4.8348,5.72345,0.8188,0.1278,0,0.0395,0.09465,0.0242,0.0062,0,3016.5,530.5,34,1.5,0,125.1547,1.94755,6.1185,0.0011,0.024,664.5,626.5,147,89.6814,31.70645,3.13375,0.61265,0,2.6587,2.13525,0.3521,0.1167,0,0.8463,0.67965,0.1121,0.0372,0,0.0068,0.01185,0.0032,0.0018,0,549.5,106.5,7,1.5,0,15
Rainfed,OSU 61,1,467.50935,7.7924,24.48055,0.1732,0.1035,2358.5,1652.5,351,288.1535,160.8579,15.31105,3.08525,0,8.4916,10.45665,1.8289,0.5933,0,2.70295,3.32845,0.5822,0.18885,0,0.0221,0.0559,0.0177,0.0093,0,1995.5,339.5,18.5,5,0,150.41075,1.6612,5.21885,0.0202,0.0105,1120.5,790.5,225,133.8099,22.2206,4.67535,1.04005,0,3.8673,1.06075,0.5847,0.2019,0,1.23105,0.33765,0.1861,0.06425,0,0.0099,0.0035,0.0059,0.0032,0,998.5,117.5,2.5,2,0,15
Irrigated,OSU 65,1,540.7917,7.85995,24.6928,0.14585,0.0895,3466.5,1589,300,387.49025,139.2484,12.9254,0.92475,0.1903,10.7598,8.90035,1.4651,0.1715,0.07065,3.42495,2.8331,0.46635,0.0546,0.0225,0.02685,0.0465,0.0134,0.0026,0.00215,2960.5,476,28.5,1.5,0,106.4894,1.41545,4.4468,0.00255,0.0145,490.5,372,97,99.00295,11.1533,2.875,0.60435,0.1903,3.5024,0.59875,0.3323,0.1169,0.07065,1.11485,0.1906,0.10575,0.0372,0.0225,0.00985,0.0029,0.0031,0.0019,0.00215,431.5,60,0.5,1.5,0,15
Rainfed,OSU 65,1,467.21625,7.84505,24.64595,0.17215,0.1035,2160,1828.5,368,286.47215,164.15525,14.77975,1.6723,0.028,8.7987,10.45875,1.6978,0.3164,0.00895,2.8007,3.32915,0.54045,0.10075,0.00285,0.0235,0.0549,0.01575,0.0049,0.00025,1779,349,27.5,4.5,0,277.51315,4.44355,13.95995,0.00715,0.0555,1425,1285.5,299,191.17125,78.95255,5.99255,1.3003,0.028,5.8437,4.98025,0.7182,0.2433,0.00895,1.8601,1.58525,0.22865,0.07745,0.00285,0.0155,0.0258,0.00695,0.0037,0.00025,1191,208,23.5,2.5,0,15
Irrigated,OSU 74,1,495.0143,7.30845,22.9601,0.1464,0.085,3014,1815,406.5,357.9111,123.40675,12.5976,0.912,0.02945,10.1911,7.88265,1.463,0.1706,0.0102,3.24395,2.50915,0.4657,0.0543,0.00325,0.02575,0.0415,0.0137,0.0026,3.00E-04,2653,331,28,2,0,299.9645,4.49205,14.1122,0.002,0.053,1941,1339,332.5,214.4397,79.22295,5.3876,0.7636,0.02945,6.1765,4.99625,0.6638,0.1455,0.0102,1.96605,1.59035,0.2113,0.0463,0.00325,0.01575,0.0259,0.0066,0.0023,3.00E-04,1664,253,22,2,0,15
Rainfed,OSU 74,1,581.963,9.03015,28.3691,0.15495,0.11,3440.5,1719.5,369.5,381.36165,175.3131,22.12465,2.97355,0.04805,10.2471,11.61305,2.54785,0.5399,0.0157,3.26175,3.69655,0.811,0.17185,0.005,0.025,0.0629,0.0237,0.008,4.00E-04,2952,449.5,36,2.5,0.5,43.7859,0.84385,2.651,0.00285,0.012,457.5,298.5,35.5,1.09635,34.4371,6.46395,1.86695,0.04805,0.6858,2.46795,0.72535,0.323,0.0157,0.21835,0.78555,0.2309,0.10285,0.005,0.0028,0.0139,0.0066,0.0045,4.00E-04,340,100.5,15,1.5,0.5,15
Irrigated,OSU 86,1,583.28715,8.5106,26.73675,0.14565,0.0975,2964.5,1795,377.5,426.3511,143.82825,11.7779,1.13245,0.01355,12.27625,9.15085,1.35775,0.20715,0.0045,3.90765,2.9128,0.4322,0.06595,0.00145,0.0311,0.04795,0.0127,0.00305,1.00E-04,2552.5,382,29,1,0,22.01705,0.717,2.25255,0.00675,0.0125,34.5,317,6.5,11.9317,34.68905,0.0398,0.67235,0.01355,0.18605,2.30795,0.01855,0.12685,0.0045,0.05925,0.7346,0.0059,0.04035,0.00145,1.00E-04,0.01265,4.00E-04,0.00195,1.00E-04,125.5,91,0,0,0,15
Rainfed,OSU 86,1,537.6121,7.8377,24.6228,0.14645,0.09,2912,1864,383.5,390.1266,133.05825,13.69195,0.46245,0.02705,11.042,8.39235,1.59835,0.07905,0.0098,3.51475,2.6714,0.5088,0.02515,0.0031,0.02775,0.0435,0.0151,0.00105,3.00E-04,2529.5,363.5,17.5,1.5,0,157.6867,2.1898,6.8795,0.00225,0.024,1220,769,202.5,119.7346,37.89545,0.18025,0.14165,0.02705,3.3711,2.39865,0.03275,0.02505,0.0098,1.07305,0.7635,0.0104,0.00795,0.0031,0.00855,0.0125,4.00E-04,0.00035,3.00E-04,1060.5,151.5,6.5,1.5,0,15
Irrigated,OSU 90,1,677.3903,10.1358,31.84255,0.1486,0.119,3429.5,2469,578.5,488.90635,168.26825,17.91265,2.0343,0.0423,14.04125,10.75575,2.1042,0.3748,0.01585,4.4695,3.42365,0.6698,0.1193,0.00505,0.03555,0.0566,0.02,0.0056,0.00045,3007.5,388.5,30,3.5,0,216.4512,3.4375,10.79925,0.0033,0.043,765.5,790,289.5,153.01965,55.25365,6.61705,1.3981,0.0423,4.57675,3.59465,0.7885,0.2665,0.01585,1.4568,1.14425,0.251,0.0848,0.00505,0.01185,0.0193,0.0076,0.0041,0.00045,645.5,112.5,5,2.5,0,15
Rainfed,OSU 90,1,492.92085,7.62235,23.9463,0.1507,0.093,2236.5,1656.5,389,341.4866,133.8725,15.09915,2.3236,0.09235,9.9765,8.5301,1.7577,0.4707,0.0308,3.1756,2.7152,0.5595,0.14985,0.0098,0.0256,0.0447,0.01655,0.00785,8.00E-04,1929.5,285.5,19,2.5,0,238.51495,3.99335,12.5456,0.0081,0.052,1147.5,930.5,223,152.0006,74.3679,9.75615,2.2965,0.09235,4.4726,4.8078,1.1654,0.466,0.0308,1.4237,1.5304,0.371,0.14835,0.0098,0.0116,0.0256,0.01125,0.00775,8.00E-04,960.5,170.5,15,1.5,0,15
Irrigated,Harrington,2,158.1791,2.78865,8.7607,0.16735,0.039,1041,482.5,55.5,87.6151,64.30985,5.6415,0.6046,0.0067,2.4639,4.4542,0.6453,0.11675,0.0021,0.7843,1.41785,0.2054,0.03715,7.00E-04,0.00625,0.0254,0.006,0.00185,5.00E-05,806,219,15.5,0.5,0,77.3976,1.58505,4.9795,0.01835,0.025,438,297.5,27.5,35.3279,38.10905,3.6827,0.2725,0.0067,1.214,2.6689,0.4217,0.05445,0.0021,0.3864,0.84955,0.1342,0.01735,7.00E-04,0.00345,0.0155,0.0039,0.00095,5.00E-05,308,123,6.5,0.5,0,45
Rainfed,Harrington,2,227.79145,4.2287,13.2848,0.1856,0.0615,1247,820.5,80.5,120.58115,93.8339,10.68905,2.59515,0.09215,3.6757,6.1317,1.2645,0.50065,0.03095,1.17005,1.9518,0.40255,0.15935,0.00985,0.0098,0.033,0.0121,0.00795,0.00085,961.5,264,20,1.5,0,3.36935,0.1445,0.4539,0.0036,0.0035,73,122.5,1.5,8.61505,12.7391,1.22865,1.89115,0.09215,0.232,0.8279,0.1255,0.37495,0.03095,0.07385,0.2635,0.03995,0.11935,0.00985,5.00E-04,0.0045,0.001,0.00615,0.00085,52.5,23,3,0.5,0,45
Irrigated,OSU 102,2,338.14985,5.4074,16.9879,0.1588,0.068,2385,2062.5,300.5,221.59075,107.8962,7.9996,0.6263,0,6.47695,6.92925,0.91625,0.1155,0,2.0617,2.20565,0.29165,0.0368,0,0.0168,0.03665,0.00845,0.0017,0,1966.5,396.5,21,1,0,183.73145,2.9859,9.3805,0.002,0.038,1049,1436.5,230.5,118.01985,60.6044,4.676,0.4003,0,3.44125,3.89965,0.53605,0.0735,0,1.0954,1.24135,0.17065,0.0234,0,0.009,0.02065,0.00495,0.0011,0,848.5,188.5,12,0,0,45
Rainfed,OSU 102,2,224.4032,3.9857,12.52145,0.1771,0.0555,1186,762,96,119.4132,94.8678,9.2404,0.86305,0,3.50595,6.22915,1.0712,0.15765,0,1.11595,1.9828,0.34095,0.05015,0,0.00915,0.03345,0.01,0.0023,0,880,273,30,3,0,67.3265,1.2323,3.87135,0.0018,0.0175,331,365,49,40.5791,27.3957,0.6159,0.04745,0,1.46165,1.76095,0.0768,0.00145,0,0.46525,0.5605,0.02445,0.00045,0,0.00425,0.00945,8.00E-04,1.00E-04,0,287,59,12,3,0,45
Irrigated,OSU 105,2,270.2455,4.47855,14.0698,0.1662,0.0585,1399.5,778,113,165.4902,98.3085,5.9826,0.44065,0,5.2477,6.21775,0.6809,0.07865,0,1.6704,1.9792,0.2167,0.02505,0,0.01435,0.0323,0.00625,0.0011,0,1016.5,355,27.5,0.5,0,90.7458,1.46925,4.6158,0.0014,0.0185,287.5,335,71,57.9007,33.2228,0.3068,0.09455,0,1.9186,2.01875,0.0408,0.01525,0,0.6107,0.6426,0.013,0.00485,0,0.00535,0.01,0.00045,2.00E-04,0,185.5,101,1.5,0.5,0,45
Rainfed,OSU 105,2,162.1701,2.5369,7.96995,0.1565,0.031,943,510.5,60.5,110.28435,47.51265,4.08865,0.28445,0,3.2892,3.03615,0.4719,0.05055,0,1.04695,0.96645,0.1502,0.0161,0,0.00865,0.01595,0.0044,7.00E-04,0,796,138,8,1,0,2.1557,0.0536,0.16835,0.0054,0.002,110,27.5,5.5,6.94195,4.13195,0.66415,0.00985,0,0.1488,0.26685,0.0738,0.00015,0,0.04735,0.08495,0.0235,0,0,0.00025,0.00145,7.00E-04,0,0,96,10,3,1,0,45
Irrigated,OSU 107,2,223.6249,4.13385,12.9868,0.18435,0.06,1349.5,814,78.5,114.09155,99.1218,9.3977,0.88565,0,3.55925,6.52715,1.10425,0.16705,0,1.13295,2.07765,0.3515,0.05315,0,0.0096,0.03535,0.0105,0.0026,0,930,380.5,36.5,2.5,0,30.8346,0.64915,2.0394,0.00365,0.011,141.5,19,8.5,4.12735,27.1654,0.019,0.36635,0,0.18675,1.81645,0.00855,0.08025,0,0.05945,0.57815,0.0027,0.02555,0,0.0006,0.00995,2.00E-04,0.0014,0,65,75.5,2.5,1.5,0,45
Rainfed,OSU 107,2,329.29615,5.7792,18.156,0.17435,0.0795,2037,1440,175,185.834,129.9633,12.1452,1.19725,0,5.67425,8.3048,1.4126,0.2238,0,1.80615,2.6435,0.44965,0.07125,0,0.0152,0.04365,0.0133,0.00335,0,1572.5,426.5,37,1,0,69.01545,1.3861,4.3546,0.00555,0.0215,616,526,68,34.1756,27.749,6.0763,0.89585,0,0.92505,1.8179,0.7189,0.1713,0,0.29445,0.5787,0.22885,0.05455,0,0.0023,0.00985,0.0069,0.00265,0,483.5,114.5,18,0,0,45
Irrigated,OSU 12,2,243.5812,4.8898,15.36165,0.2009,0.077,1307.5,1035.5,99,107.3164,119.60885,15.3944,1.15025,0,3.48815,7.93235,1.7884,0.2132,0,1.1103,2.5249,0.56925,0.0679,0,0.00975,0.0434,0.0168,0.0032,0,891.5,380.5,33,2.5,0,49.6379,0.979,3.07565,0.0007,0.015,330.5,303.5,37,22.5501,24.13125,2.4037,0.44165,0,0.75015,1.55475,0.2791,0.0823,0,0.2388,0.4949,0.08885,0.0262,0,0.00215,0.0083,0.0026,0.0012,0,195.5,125.5,7,2.5,0,45
Rainfed,OSU 12,2,204.42235,4.3895,13.79,0.2137,0.0745,1199.5,883,81,77.4152,107.6758,17.1068,2.0736,0.0826,2.48305,7.2127,2.0116,0.40435,0.0294,0.7904,2.2959,0.6403,0.12875,0.00935,0.00695,0.0398,0.0191,0.0064,0.00085,748,402,47,2.5,0,17.48325,0.6131,1.9262,0.0117,0.0145,84.5,182,25,2.3665,6.8967,6.4074,1.7247,0.0826,0.00655,0.6186,0.7652,0.33825,0.0294,0.0021,0.1969,0.2436,0.10765,0.00935,0.00015,0.0043,0.0074,0.0054,0.00085,68,2,16,2.5,0,45
Irrigated,OSU 124,2,222.54355,3.86815,12.15215,0.17525,0.053,1204,675.5,70,122.5559,92.63315,6.9398,0.33735,0,3.81505,5.9037,0.7985,0.06125,0,1.21435,1.8792,0.2542,0.0195,0,0.0103,0.0309,0.00745,9.00E-04,0,910,273,20.5,0.5,0,50.20355,0.73895,2.32155,0.00635,0.008,239,179.5,24,34.1594,15.95545,0.0629,0.11025,0,1.04665,0.9113,0.0034,0.01815,0,0.33315,0.2901,0.0011,0.0058,0,0.0028,0.0042,0.00015,2.00E-04,0,187,49,2.5,0.5,0,45
Rainfed,OSU 124,2,210.5327,4.03025,12.66135,0.1913,0.0605,1217.5,776,78.5,111.587,81.69245,10.65935,6.44835,0,3.46435,5.33135,1.27625,1.12265,0,1.1027,1.697,0.4062,0.35735,0,0.0094,0.0287,0.01235,0.01585,0,907,280,25.5,5,0,4.6701,0.23255,0.73065,0.0068,0.0055,140.5,79,4.5,2.8412,5.10985,1.73015,5.08415,0,0.07725,0.32795,0.24005,0.85095,0,0.0246,0.1044,0.0764,0.27085,0,2.00E-04,0.0017,0.00265,0.01135,0,90,46,4.5,0,0,45
Irrigated,OSU 127,2,209.8393,3.76495,11.82795,0.17675,0.053,1344.5,817.5,79,119.1127,78.3579,10.7482,1.55375,0,3.54145,5.1911,1.2767,0.29,0,1.1273,1.6524,0.40635,0.0923,0,0.0093,0.0284,0.01225,0.0044,0,1086,227,27,4.5,0,72.2382,1.44145,4.52835,0.00785,0.022,369.5,340.5,43,37.1962,27.6375,6.3964,1.06885,0,1.08855,1.9126,0.772,0.1986,0,0.3465,0.6088,0.24575,0.0632,0,0.0028,0.0109,0.00755,0.003,0,309,49,9,2.5,0,45
Rainfed,OSU 127,2,351.04275,5.66795,17.8065,0.16145,0.072,2254,1300.5,193,231.0677,105.5024,13.6648,0.54175,0.01975,6.7063,7.04535,1.56565,0.09995,0.00635,2.1347,2.2426,0.49835,0.0318,0.00205,0.01725,0.03895,0.0145,0.0015,0.00015,1880,341,32.5,0.5,0,5.65445,0.13655,0.429,0.00125,0.002,237,93.5,6,1.9694,0.7012,2.361,0.36095,0.01975,0.0311,0.02695,0.30195,0.06715,0.00635,0.0099,0.0086,0.09615,0.0214,0.00205,5.00E-05,0.00065,0.0031,0.001,0.00015,211,21,4.5,0.5,0,45
Irrigated,OSU 137,2,119.91965,1.8886,5.93305,0.1585,0.0235,864.5,608.5,94,78.95995,34.4387,5.53895,0.9345,0.02825,2.1056,2.2643,0.6396,0.1783,0.00915,0.67025,0.72075,0.2036,0.05675,0.0029,0.0051,0.01215,0.006,0.00275,0.00025,739.5,112,11.5,1.5,0,21.43985,0.2715,0.85295,0.0057,0.0025,146.5,182.5,22,16.96085,8.1983,2.88055,0.8281,0.02825,0.6134,0.4847,0.3275,0.1604,0.00915,0.19525,0.15425,0.1042,0.05105,0.0029,0.0018,0.00235,0.003,0.00255,0.00025,148.5,7,7.5,1.5,0,45
Rainfed,OSU 137,2,273.48,4.9594,15.5803,0.1813,0.071,1587,1055,147,150.2124,109.9997,11.933,1.1544,0,4.7123,7.2408,1.395,0.2051,0,1.5,2.3048,0.444,0.0653,0,0.0129,0.0393,0.0132,0.0029,0,1208,351,24,4,0,NA,NA,NA,NA,NA,NA,NA,NA,NA,NA,NA,NA,NA,NA,NA,NA,NA,NA,NA,NA,NA,NA,NA,NA,NA,NA,NA,NA,NA,NA,NA,NA,NA,45
Irrigated,OSU 144,2,160.91165,2.7787,8.7296,0.1766,0.0375,893.5,514.5,53.5,88.7196,66.4113,5.41075,0.35875,0,2.7001,4.30755,0.62155,0.06825,0,0.85945,1.37115,0.19785,0.02175,0,0.00725,0.0229,0.00575,0.00105,0,667.5,207,17,2,0,84.47585,1.3717,4.3093,0.0075,0.0175,393.5,348.5,41.5,56.7485,27.3231,0.28855,0.10535,0,1.8841,1.67675,0.03395,0.02655,0,0.59975,0.53375,0.01085,0.00845,0,0.00525,0.0085,0.00035,0.00055,0,312.5,82,3,2,0,45
Rainfed,OSU 144,2,126.5569,2.3955,7.5257,0.1893,0.036,737,331,28,53.0575,69.4051,4.0042,0.0377,0,1.6217,4.6495,0.4444,0.0062,0,0.5162,1.48,0.1415,0.002,0,0.0043,0.0255,0.004,1.00E-04,0,519,207,11,0,0,NA,NA,NA,NA,NA,NA,NA,NA,NA,NA,NA,NA,NA,NA,NA,NA,NA,NA,NA,NA,NA,NA,NA,NA,NA,NA,NA,NA,NA,NA,NA,NA,NA,45
Irrigated,OSU 15,2,153.7213,2.5953,8.1533,0.16865,0.034,907,451,46.5,88.76535,60.1144,4.4342,0.3444,0,2.57005,3.9867,0.51135,0.06615,0,0.8181,1.269,0.1628,0.02105,0,0.00655,0.0218,0.00475,0.001,0,753,141,12.5,0.5,0,6.5248,0.1705,0.5357,0.00395,0.003,7,56,3.5,2.47955,2.3366,1.4871,0.1988,0,0.03775,0.2058,0.17995,0.03875,0,0.012,0.0655,0.0573,0.01235,0,5.00E-05,0.0015,0.00175,6.00E-04,0,5,7,4.5,0.5,0,45
Rainfed,OSU 15,2,130.45275,2.30155,7.23045,0.17795,0.032,695.5,463.5,46.5,72.01395,51.54175,6.4993,0.3666,0,2.1886,3.3193,0.7437,0.06845,0,0.69665,1.05655,0.23675,0.02175,0,0.00585,0.0176,0.00685,0.00105,0,552.5,134,8.5,0.5,0,19.19835,0.20655,0.64885,0.01035,0.001,179.5,118.5,12.5,20.34175,0.52125,1.5528,0.0867,0,0.593,0.0793,0.1831,0.01405,0,0.18875,0.02525,0.05825,0.00445,0,0.00145,0.0007,0.00175,0.00015,0,155.5,25,1.5,0.5,0,45
Irrigated,OSU 16,2,226.6397,4.13225,12.98185,0.1803,0.0595,1294,876,90.5,120.2658,96.468,9.11665,0.7619,0,3.69635,6.3447,1.06085,0.13315,0,1.1766,2.0196,0.33765,0.0424,0,0.00995,0.03435,0.01,0.0019,0,946,319.5,26.5,2,0,108.8406,2.05725,6.46305,0.0042,0.0305,611,559,55.5,56.3007,47.0153,4.99515,0.5236,0,1.79155,3.0555,0.58355,0.09235,0,0.5703,0.9726,0.18575,0.0294,0,0.00495,0.01635,0.0055,0.0013,0,437,160.5,11.5,2,0,45
Rainfed,OSU 16,2,179.10565,2.86005,8.98515,0.16275,0.036,1397,1110,160.5,115.62065,58.0731,5.0112,0.3195,0,3.2726,3.7353,0.58485,0.05705,0,1.0417,1.18895,0.1862,0.01815,0,0.0083,0.0198,0.00555,8.00E-04,0,1189.5,191,16,0.5,0,69.55265,0.98955,3.10875,0.00795,0.011,791,762,123.5,50.98885,17.1702,1.0458,0.2666,0,1.287,1.0775,0.12785,0.04745,0,0.4097,0.34295,0.0407,0.01515,0,0.003,0.0055,0.00125,7.00E-04,0,713.5,76,1,0.5,0,45
Irrigated,OSU 18,2,247.3097,4.8225,15.1503,0.1926,0.074,1376,819,85,118.2425,109.34875,17.9009,1.7577,0,3.7013,7.2449,2.06955,0.3293,0,1.1782,2.30615,0.65875,0.10485,0,0.01005,0.03965,0.0193,0.00495,0,991,339.5,41,4.5,0,81.9262,1.7565,5.5183,0.0072,0.029,508,352,54,30.1454,47.96495,2.1099,1.6594,0,1.0804,3.055,0.28385,0.3127,0,0.3439,0.97245,0.09035,0.09955,0,0.00325,0.01595,0.0031,0.00475,0,286,201.5,16,4.5,0,45
Rainfed,OSU 18,2,544.0723,8.7688,27.548,0.1612,0.111,3256,2432,411,362.3662,162.9633,17.0071,1.6583,0,10.6973,10.6915,1.9963,0.3144,0,3.4051,3.4032,0.6355,0.1001,0,0.0278,0.0579,0.0189,0.0048,0,2733,494,28,1,0,NA,NA,NA,NA,NA,NA,NA,NA,NA,NA,NA,NA,NA,NA,NA,NA,NA,NA,NA,NA,NA,NA,NA,NA,NA,NA,NA,NA,NA,NA,NA,NA,NA,45
Irrigated,OSU 19,2,238.2197,3.88435,12.203,0.16315,0.05,1497.5,812.5,91,149.34935,82.37755,5.64145,0.5732,0.0023,4.4671,5.3118,0.6574,0.11775,0.00075,1.4219,1.6908,0.20925,0.0375,0.00025,0.0117,0.02815,0.0062,0.00195,0,1223.5,257,16,1,0,1.8853,0.29695,0.9329,0.01375,0.008,75.5,76.5,18,16.09535,12.82125,1.51065,0.0263,0.0023,0.2695,0.9204,0.1719,0.00475,0.00075,0.0858,0.293,0.05475,0.0015,0.00025,3.00E-04,0.00545,0.0016,5.00E-05,0,147.5,69,4,1,0,45
Rainfed,OSU 19,2,204.9124,3.2758,10.29125,0.1598,0.041,1231.5,814.5,109,135.69005,63.51565,5.2599,0.43745,0,4.0209,4.0959,0.61325,0.08305,0,1.2799,1.30375,0.1952,0.02645,0,0.0105,0.0218,0.00575,0.0013,0,1017,196.5,17.5,0.5,0,10.4232,0.1938,0.60895,0.0013,0.003,44.5,59.5,14,6.27405,2.71465,1.2256,0.20555,0,0.1818,0.1833,0.13835,0.03665,0,0.0579,0.05835,0.044,0.01165,0,0.0005,0.001,0.00125,5.00E-04,0,61,13.5,2.5,0.5,0,45
Irrigated,OSU 24,2,267.99475,4.6876,14.72665,0.17475,0.0645,1544.5,1120,120.5,154.9642,102.95425,8.9441,1.0392,0,4.7604,6.7011,1.0451,0.20305,0,1.51525,2.13305,0.3327,0.06465,0,0.0128,0.03585,0.00985,0.00325,0,1224.5,302,17.5,0.5,0,40.42125,0.7399,2.32445,0.00125,0.0105,30.5,113,23.5,27.8396,9.50705,2.7136,0.4117,0,0.9501,0.6128,0.3195,0.08435,0,0.30245,0.19505,0.1017,0.02685,0,0.0027,0.00335,0.00305,0.00145,0,2.5,24,4.5,0.5,0,45
Rainfed,OSU 24,2,212.8658,3.76525,11.8289,0.18015,0.053,1221,731.5,87.5,118.90065,86.49285,6.6607,0.7916,0,3.7312,5.6521,0.7594,0.1516,0,1.1877,1.7991,0.2417,0.04825,0,0.01015,0.03045,0.007,0.00235,0,933,263,23.5,1.5,0,46.3707,0.51555,1.6196,0.01505,0.003,378,217.5,46.5,41.28615,7.03935,1.4231,0.5516,0,1.2786,0.2428,0.1624,0.1081,0,0.407,0.0773,0.0517,0.03445,0,0.00345,5.00E-05,0.0015,0.00175,0,347,37,4.5,1.5,0,45
Irrigated,OSU 33,2,98.8795,1.55315,4.8794,0.1585,0.019,649,331.5,31.5,64.51885,32.3535,1.93975,0.04425,0,1.9073,2.05475,0.21745,0.00745,0,0.6071,0.654,0.0692,0.0024,0,0.00495,0.0107,0.00195,1.00E-04,0,530.5,112.5,5.5,0.5,0,36.5882,0.54165,1.7016,0.0039,0.006,294,106.5,18.5,23.79635,12.4161,0.38155,0.02905,0,0.6676,0.78285,0.04015,0.00475,0,0.2125,0.2492,0.0128,0.0015,0,0.00165,0.004,0.00035,1.00E-04,0,260.5,32.5,1.5,0.5,0,45
Rainfed,OSU 33,2,184.1176,3.3189,10.4267,0.1801,0.047,1127,758,70.5,98.22415,76.90745,8.32125,0.61495,0,2.96465,5.03235,0.9622,0.10935,0,0.94365,1.60185,0.3063,0.0348,0,0.0079,0.02715,0.009,0.0016,0,865.5,237,23.5,1,0,4.2257,0.1738,0.5461,0.0053,0.004,135,132,2.5,2.67185,5.05015,2.03885,0.15615,0,0.08305,0.35305,0.2308,0.02825,0,0.02645,0.11235,0.0735,0.009,0,2.00E-04,0.00205,0.0021,4.00E-04,0,113.5,19,1.5,1,0,45
Irrigated,OSU 35,2,346.8127,6.51515,20.46805,0.18225,0.0965,1947.5,1698,221,177.68355,152.1367,14.87185,1.8835,0,5.57685,9.92945,1.7387,0.3479,0,1.7752,3.16065,0.55345,0.11075,0,0.01525,0.0534,0.01645,0.0052,0,1425.5,490,31,1,0,157.0729,3.29145,10.34035,0.01235,0.0535,825.5,1058,169,65.13215,80.8223,9.21285,1.6745,0,2.07125,5.35005,1.0918,0.3055,0,0.6593,1.70295,0.34755,0.09725,0,0.00575,0.0292,0.01045,0.0045,0,565.5,243,16,1,0,45
Rainfed,OSU 35,2,249.3752,4.05605,12.7425,0.16135,0.052,1454,818.5,115.5,156.90505,85.62755,6.46985,0.29695,0,4.69445,5.53435,0.7417,0.0545,0,1.49425,1.76165,0.2361,0.01735,0,0.01235,0.02945,0.00685,8.00E-04,0,1181.5,252,19.5,1,0,31.9034,0.76495,2.4032,0.01005,0.013,251,87.5,13.5,6.38185,21.91985,3.43735,0.14075,0,0.16325,1.56825,0.3956,0.0258,0,0.05195,0.49915,0.1259,0.00825,0,0.00035,0.00915,0.00365,4.00E-04,0,169.5,69,11.5,1,0,45
Irrigated,OSU 38,2,187.23185,2.9455,9.2535,0.156,0.0365,1149.5,601,79.5,122.80105,60.1226,4.0008,0.19175,0,3.6848,3.8071,0.45995,0.03475,0,1.1729,1.21185,0.1464,0.0111,0,0.0097,0.0198,0.00425,5.00E-04,0,974.5,166.5,8.5,0,0,60.29465,1.0172,3.1956,0.0041,0.0135,351.5,312,50.5,38.55715,18.7276,2.7635,0.16075,0,1.1973,1.1809,0.32305,0.02925,0,0.3811,0.37585,0.1028,0.0093,0,0.0033,0.0062,0.00305,4.00E-04,0,298.5,47.5,5.5,0,0,45
Rainfed,OSU 38,2,987.97495,16.14245,50.71295,0.15475,0.2075,4605,7081.5,1744.5,636.36775,319.1889,26.9136,5.0245,0.0654,18.7258,20.2147,3.20815,0.96205,0.022,5.9606,6.43455,1.0212,0.30625,0.007,0.04875,0.10505,0.031,0.01505,6.00E-04,3775.5,790,38.5,1,0,886.98165,14.67745,46.11055,0.00965,0.1905,3899,6951.5,1725.5,573.24355,283.7178,24.6166,4.9248,0.0654,17.1437,17.8869,2.95755,0.94575,0.022,5.457,5.69355,0.9414,0.30105,0.007,0.04505,0.09265,0.0288,0.01485,6.00E-04,3200.5,667,30.5,1,0,45
Irrigated,OSU 40,2,199.0114,3.31965,10.42905,0.16665,0.0435,1265,538,51.5,116.1374,77.6221,4.90145,0.34745,0,3.44055,5.03525,0.56675,0.06465,0,1.09515,1.60275,0.1804,0.0206,0,0.009,0.02685,0.0053,0.001,0,1007,240,16,2,0,31.5331,0.54835,1.72265,0.00115,0.0075,38,116,13.5,12.8981,19.1686,0.44105,0.08955,0,0.44575,1.16725,0.05775,0.01595,0,0.14185,0.37155,0.0184,0.0051,0,0.0013,0.00575,6.00E-04,2.00E-04,0,1,35,4,0,0,45
Rainfed,OSU 40,2,174.60085,3.10525,9.75535,0.17745,0.043,1018.5,597,50.5,96.6441,70.54065,7.0079,0.3192,0,2.8698,4.79325,0.7903,0.0597,0,0.9135,1.52575,0.25155,0.019,0,0.00745,0.02685,0.00715,9.00E-04,0,790.5,211.5,15.5,1,0,16.04715,0.35915,1.12825,0.00425,0.006,249.5,60,1.5,3.9458,10.52745,1.6587,0.0722,0,0.1179,0.69905,0.1896,0.0167,0,0.0375,0.22255,0.06035,0.0053,0,0.00035,0.00385,0.00175,3.00E-04,0,203.5,45.5,0.5,0,0,45
Irrigated,OSU 44,2,337.3987,5.6565,17.7704,0.1677,0.074,1956,1034,132,199.0328,132.1361,5.6553,0.337,0.0518,6.1753,8.5503,0.6557,0.071,0.0172,1.9656,2.7216,0.2087,0.0226,0.0055,0.0167,0.0454,0.0061,0.0013,5.00E-04,1536,394,25,0,1,NA,NA,NA,NA,NA,NA,NA,NA,NA,NA,NA,NA,NA,NA,NA,NA,NA,NA,NA,NA,NA,NA,NA,NA,NA,NA,NA,NA,NA,NA,NA,NA,NA,45
Rainfed,OSU 44,2,246.1604667,4.1838,13.1439,0.169833333,0.055666667,1575.666667,849,103,147.385,87.64863333,10.13956667,0.930433333,0,4.394466667,5.6823,1.1756,0.169666667,0,1.398833333,1.8087,0.3742,0.054,0,0.011533333,0.0304,0.011033333,0.002466667,0,1259.666667,292.3333333,21.33333333,2.333333333,0,41.82011419,0.714120081,2.243472523,0.001485859,0.009614803,280.3012269,80.72174428,9.16515139,26.53830417,15.62819805,2.585312083,0.277489852,0,0.839295135,1.007371318,0.292570681,0.051037318,0,0.267158738,0.32066232,0.093126097,0.016266633,0,0.002251913,0.005337915,0.002664165,0.000768838,0,197.283496,79.13982001,5.811865258,1.452966315,0,45
Irrigated,OSU 47,2,385.51675,6.8722,21.58965,0.1745,0.0965,2198,1678,253,221.5793,139.15275,21.4514,3.0326,0.12055,6.4538,9.1425,2.48945,0.58395,0.04335,2.0543,2.9102,0.7924,0.18585,0.0138,0.01665,0.04955,0.02335,0.0092,0.00125,1799.5,366,29,3,0.5,140.31275,2.8458,8.94045,0.0103,0.0445,619,786,143,68.3982,55.92615,13.9841,1.822,0.12055,2.0558,3.708,1.63775,0.35205,0.04335,0.6544,1.1803,0.5213,0.11205,0.0138,0.00545,0.02035,0.01555,0.0056,0.00125,470.5,131,16,1,0.5,45
Rainfed,OSU 47,2,261.64045,4.45975,14.01075,0.17045,0.06,1538.5,893.5,99.5,156.9243,95.1363,8.85325,0.68445,0,4.8305,6.1581,1.01745,0.12925,0,1.5376,1.9602,0.32385,0.04115,0,0.01295,0.0328,0.00945,0.002,0,1209,300.5,27.5,1.5,0,1.72205,0.08735,0.27445,0.00225,0.002,129.5,52.5,0.5,2.372,5.1031,1.14455,0.17765,0,0.0342,0.3716,0.13815,0.03255,0,0.0109,0.1183,0.04395,0.01035,0,5.00E-05,0.0022,0.00135,5.00E-04,0,90,38.5,1.5,0.5,0,45
Irrigated,OSU 48,2,273.3276,5.2397,16.46115,0.18535,0.0795,1547.5,975.5,109,133.25105,123.6451,14.8887,1.4342,0.0553,4.26495,8.1408,1.7093,0.2731,0.01945,1.3576,2.5913,0.5441,0.0869,0.0062,0.0118,0.0442,0.0158,0.00425,0.00055,1118,390.5,37,2,0,133.6807,2.8316,8.89575,0.01295,0.0465,558.5,683.5,88,54.62225,67.6518,9.9482,1.35,0.0553,1.95685,4.3394,1.1432,0.2583,0.01945,0.6229,1.3813,0.3639,0.0822,0.0062,0.0058,0.023,0.0106,0.00405,0.00055,334,203.5,19,2,0,45
Rainfed,OSU 48,2,297.1368,5.57305,17.50825,0.188,0.082,1719,1134.5,109.5,143.1703,138.4331,14.4547,0.9741,0,4.4603,8.9543,1.6804,0.18545,0,1.41975,2.85025,0.53485,0.05905,0,0.01215,0.04775,0.01575,0.0029,0,1260.5,420.5,37,1,0,33.9421,0.52735,1.65675,0.0037,0.006,113,119.5,22.5,19.3092,16.095,1.4608,0.0329,0,0.7287,0.8773,0.1679,0.01205,0,0.23195,0.27925,0.05345,0.00385,0,0.00225,0.00375,0.00155,3.00E-04,0,70.5,58.5,15,1,0,45
Irrigated,OSU 51,2,261.50195,4.89795,15.38745,0.187,0.072,1685.5,1075,98,130.58585,119.3242,10.4794,0.9634,0,4.13295,7.7166,1.22105,0.17645,0,1.3156,2.4563,0.3887,0.05615,0,0.01135,0.04105,0.0115,0.00265,0,1178,467.5,37,3,0,22.50675,0.52025,1.63445,0.0038,0.009,228.5,173,4,10.56345,9.8005,2.2372,0.0293,0,0.35095,0.7631,0.25315,0.00445,0,0.1117,0.2429,0.0806,0.00145,0,0.00095,0.00475,0.0023,5.00E-05,0,135,81.5,11,1,0,45
Rainfed,OSU 51,2,263.22785,4.9071,15.4162,0.18165,0.0725,1480.5,1044.5,115,138.7131,107.97315,14.7832,1.6911,0,4.3888,6.95505,1.7482,0.3183,0,1.397,2.2139,0.55645,0.1013,0,0.01205,0.0369,0.01675,0.00485,0,1130,318.5,30,2,0,73.73915,1.7907,5.6256,0.01715,0.0325,402.5,568.5,71,23.6005,37.14425,11.581,1.3689,0,0.6569,2.53145,1.3733,0.258,0,0.2091,0.8058,0.43715,0.0821,0,0.00165,0.0143,0.01315,0.00395,0,295,84.5,21,2,0,45
Irrigated,OSU 52,2,110.76875,2.0668,6.49305,0.1872,0.03,651.5,355.5,31,52.23285,53.64605,4.64945,0.10325,0.0382,1.6064,3.54725,0.53485,0.0194,0.0135,0.51135,1.1291,0.17025,0.00615,0.0043,0.0043,0.0193,0.00495,3.00E-04,4.00E-04,471.5,166,13.5,0,0.5,45.91745,0.844,2.65155,0.0014,0.012,326.5,175.5,20,23.26255,19.75545,2.74145,0.09725,0.0382,0.7115,1.30535,0.31815,0.0184,0.0135,0.22645,0.4155,0.10125,0.00585,0.0043,0.0019,0.0071,0.00295,3.00E-04,4.00E-04,251.5,69,6.5,0,0.5,45
Rainfed,OSU 52,2,51.57365,0.8512,2.67405,0.16755,0.0115,305,169.5,13,32.2768,18.126,1.0838,0.07015,0,0.97765,1.1763,0.127,0.01345,0,0.3112,0.37445,0.04045,0.0043,0,0.00255,0.00625,0.00125,2.00E-04,0,244.5,54.5,5.5,0.5,0,12.98005,0.1661,0.52185,0.00995,0.0015,120,71.5,1,13.2419,0.8627,0.5477,0.07015,0,0.40205,0.0837,0.0665,0.01345,0,0.128,0.02665,0.02115,0.0043,0,0.00105,0.00055,0.00065,2.00E-04,0,110.5,5.5,3.5,0.5,0,45
Irrigated,OSU 53,2,93.4449,1.47835,4.6445,0.14935,0.0185,613.5,282.5,34.5,63.4042,26.5354,3.00805,0.4712,0,1.89465,1.68425,0.3604,0.0931,0,0.6031,0.5361,0.1147,0.0296,0,0.00495,0.00875,0.0035,0.0015,0,523.5,83.5,5.5,1,0,74.0646,1.21045,3.8028,0.01115,0.0155,426.5,261.5,32.5,49.6837,21.708,2.21015,0.4374,0,1.55075,1.36595,0.2658,0.0877,0,0.4936,0.4348,0.0846,0.0279,0,0.00415,0.00705,0.0026,0.0014,0,360.5,60.5,4.5,1,0,45
Rainfed,OSU 53,2,143.30015,2.86115,8.98865,0.20105,0.045,858.5,447,33,72.9895,56.92225,7.5379,5.8124,0,2.2916,3.7343,0.90235,1.0503,0,0.72945,1.18865,0.28725,0.33435,0,0.00625,0.0202,0.00875,0.0152,0,651,189,15,3.5,0,26.59555,0.43065,1.35295,0.00725,0.005,263.5,197,7,13.2432,14.55925,3.2522,4.4972,0,0.4051,1.0124,0.38225,0.806,0,0.12895,0.32225,0.12165,0.25655,0,0.00105,0.0058,0.00365,0.0115,0,191,63,9,0.5,0,45
Irrigated,OSU 60,2,484.5613,10.0826,31.6754,0.20855,0.165,2545,1787.5,242.5,187.36185,263.30645,29.20595,4.37925,0.20865,6.2918,17.2112,3.38855,0.84875,0.0801,2.00275,5.4785,1.0786,0.27015,0.0255,0.018,0.09255,0.0318,0.0134,0.0025,1454,976,102.5,11,1.5,106.2662,2.1126,6.637,0.00215,0.033,553,671.5,98.5,32.02755,74.61495,1.11795,1.42925,0.16425,1.0433,4.843,0.11155,0.28125,0.0636,0.33215,1.5416,0.0355,0.08955,0.0202,0.003,0.02575,9.00E-04,0.0045,0.002,320,231,10.5,7,1.5,45
Rainfed,OSU 60,2,188.23555,3.3997,10.68045,0.17545,0.0485,1043,689,81,103.97525,75.84515,7.65395,0.64995,0,3.23295,4.9988,0.8797,0.1194,0,1.02905,1.5912,0.28,0.038,0,0.0087,0.02715,0.00815,0.0018,0,793.5,228.5,19.5,1.5,0,58.63135,1.3389,4.20615,0.01645,0.0225,374,339,26,17.31325,34.94835,5.69985,0.57555,0,0.49265,2.3794,0.6594,0.1064,0,0.15685,0.7574,0.2099,0.0339,0,0.0013,0.01335,0.00615,0.0016,0,266.5,92.5,14.5,0.5,0,45
Irrigated,OSU 61,2,222.8967,4.4379,13.9421,0.1991,0.069,1005,740,67,88.4026,123.4876,10.3246,0.6591,0,2.8671,8.0419,1.185,0.1282,0,0.9126,2.5598,0.3772,0.0408,0,0.008,0.043,0.011,0.002,0,642,328,34,1,0,NA,NA,NA,NA,NA,NA,NA,NA,NA,NA,NA,NA,NA,NA,NA,NA,NA,NA,NA,NA,NA,NA,NA,NA,NA,NA,NA,NA,NA,NA,NA,NA,NA,45
Rainfed,OSU 61,2,249.2378,4.8219,15.14835,0.19435,0.073,1493,898.5,96.5,120.3866,112.27265,15.22215,1.2346,0,3.76065,7.47105,1.77195,0.22545,0,1.1971,2.3781,0.564,0.0718,0,0.0102,0.04095,0.0167,0.00335,0,1059,389.5,41.5,3,0,60.5866,1.0867,3.41405,0.00365,0.015,371,204.5,33.5,30.8922,26.90755,2.54805,0.2164,0,0.91165,1.77785,0.27115,0.03865,0,0.2902,0.5659,0.0863,0.0123,0,0.0024,0.00965,0.0023,0.00055,0,280,85.5,3.5,2,0,45
Irrigated,OSU 65,2,99.75865,1.7651,5.54525,0.17765,0.0245,572,209,12,49.56065,46.762,3.2833,0.1524,0,1.49815,3.08025,0.3733,0.02635,0,0.4769,0.98045,0.1188,0.0084,0,0.004,0.0166,0.00345,4.00E-04,0,426.5,136.5,8,1,0,31.45555,0.5353,1.68175,0.00235,0.0075,183,118,5,20.59025,11.0707,0.2845,0.0795,0,0.76565,0.58955,0.0258,0.01395,0,0.2437,0.18765,0.0082,0.0044,0,0.0023,0.0025,0.00015,2.00E-04,0,126.5,55.5,0,1,0,45
Rainfed,OSU 65,2,224.7886,4.276,13.4334,0.1902,0.064,1230.5,830.5,96,108.07335,105.82205,9.6885,1.1545,0,3.42145,6.99755,1.13365,0.21595,0,1.0891,2.2274,0.36085,0.0687,0,0.0094,0.0381,0.01075,0.0033,0,868,339.5,21.5,1.5,0,0.3584,0.0565,0.1775,0.0028,0.002,41.5,78.5,7,8.25985,8.08795,0.0875,0.2239,0,0.30005,0.64435,0.01355,0.04055,0,0.0955,0.2051,0.00435,0.0129,0,8.00E-04,0.0041,0.00015,6.00E-04,0,28,7.5,4.5,1.5,0,45
Irrigated,OSU 74,2,178.9433,2.82325,8.86945,0.1578,0.035,1237,566,67.5,114.70085,59.9552,3.9193,0.30335,0,3.3084,3.88685,0.4518,0.0568,0,1.05315,1.23725,0.1438,0.0181,0,0.00845,0.0207,0.0042,0.00085,0,1026,199.5,10.5,1,0,0.0407,0.06505,0.20435,0.0036,0.002,83,1,12.5,3.37775,3.7017,0.3316,0.01495,0,0.008,0.26685,0.0375,0.0028,0,0.00255,0.08495,0.0119,9.00E-04,0,0.00015,0.0016,3.00E-04,5.00E-05,0,83,0.5,0.5,1,0,45
Rainfed,OSU 74,2,170.3538,2.99495,9.40895,0.17165,0.0415,1083.5,664,72.5,94.16805,70.1728,5.6516,0.30595,0,2.87735,4.58975,0.6439,0.0529,0,0.9159,1.46095,0.20495,0.01685,0,0.00775,0.02475,0.0059,7.00E-04,0,830,236,17,0.5,0,58.258,1.20735,3.79305,0.01215,0.0195,369.5,371,42.5,23.85455,30.9544,3.0968,0.29675,0,0.76645,2.06155,0.3616,0.0514,0,0.244,0.65625,0.11515,0.01635,0,0.00215,0.01135,0.0034,7.00E-04,0,288,73,8,0.5,0,45
Irrigated,OSU 86,2,283.57965,5.32715,16.73575,0.1808,0.079,1603,1072,118,141.92495,126.617,13.9228,1.03055,0.0289,4.43915,8.3285,1.6075,0.19115,0.00945,1.41305,2.65105,0.51165,0.06085,0.003,0.01205,0.04515,0.015,0.00285,0.00025,1126.5,429.5,46,1,0,106.82715,2.46375,7.74025,0.0188,0.043,426,578,73,30.96915,65.8053,9.0833,0.89835,0.0289,1.16505,4.3325,1.0613,0.16815,0.00945,0.37085,1.37905,0.33785,0.05355,0.003,0.00355,0.02355,0.01,0.00255,0.00025,182.5,212.5,30,1,0,45
Rainfed,OSU 86,2,214.5844,4.09235,12.8564,0.1859,0.0615,1338,797.5,73.5,109.2436,92.5416,11.6987,1.0225,0,3.48355,6.1399,1.36785,0.18495,0,1.10885,1.9544,0.43545,0.05885,0,0.00955,0.03365,0.0129,0.0027,0,930,361.5,42.5,4,0,82.4521,1.80125,5.6587,0.0125,0.0305,623,442.5,37.5,31.5303,42.7059,7.274,0.864,0,1.02465,2.8477,0.85275,0.15415,0,0.32615,0.9065,0.27145,0.04905,0,0.00285,0.01565,0.0081,0.0022,0,409,178.5,31.5,4,0,45
Irrigated,OSU 90,2,324.67975,5.85395,18.39075,0.17745,0.083,1732,1224.5,177,177.45835,131.39985,14.52455,1.11665,0.11525,5.46145,8.57755,1.7025,0.2106,0.05525,1.73845,2.7303,0.54195,0.06705,0.0176,0.01465,0.0462,0.0161,0.0032,0.00215,1292.5,399.5,37.5,2.5,0,132.34265,2.57635,8.09395,0.00705,0.039,486,542.5,81,59.94145,65.38435,6.45785,0.68635,0.11525,1.90995,4.37375,0.7541,0.1349,0.05525,0.60795,1.3922,0.24005,0.04295,0.0176,0.00525,0.0241,0.0071,0.0022,0.00215,308.5,169.5,8.5,0.5,0,45
Rainfed,OSU 90,2,306.3019,5.2734,16.5669,0.17215,0.071,1694.5,1084.5,133.5,178.9241,118.40235,8.35035,0.5166,0.0962,5.7171,7.53315,0.97525,0.0944,0.0389,1.8198,2.3979,0.3104,0.03005,0.0124,0.01575,0.0394,0.0092,0.0014,0.00125,1319,354.5,19.5,1.5,0,0.1771,0.1172,0.3681,0.00375,0.003,113.5,195.5,36.5,0.9625,3.35025,2.04185,0.4331,0.0962,0.0232,0.09145,0.24725,0.0785,0.0389,0.0074,0.0291,0.0787,0.02495,0.0124,0.00015,0.0002,0.0024,0.0012,0.00125,101,15.5,1.5,1.5,0,45
Irrigated,Harrington,3,79.2862,1.3148,4.13045,0.16525,0.017,574.5,222,19,45.27925,31.27,2.61285,0.12395,0,1.2783,2.09745,0.29505,0.0226,0,0.4069,0.6676,0.09395,0.0072,0,0.00325,0.0115,0.0027,0.00035,0,480.5,86.5,7,0.5,0,14.3276,0.2615,0.82155,0.00315,0.004,79.5,144,12,10.76635,3.5691,0.08255,0.07485,0,0.3881,0.21175,0.00295,0.0148,0,0.1235,0.0674,0.00095,0.0047,0,0.00115,0.0011,0,0.00025,0,66.5,10.5,2,0.5,0,75
Rainfed,Harrington,3,76.15075,1.2808,4.0238,0.17015,0.017,505,209.5,17.5,44.8573,29.4329,1.752,0.10855,0,1.4017,1.8788,0.1987,0.02015,0,0.44615,0.59805,0.06325,0.0064,0,0.0038,0.00985,0.0018,3.00E-04,0,378.5,119,7.5,0,0,17.80785,0.238,0.7477,0.00855,0.002,107,63.5,4.5,13.8094,3.8047,0.1779,0.01585,0,0.3812,0.2397,0.0211,0.00435,0,0.12135,0.07625,0.00675,0.0014,0,9.00E-04,0.00125,2.00E-04,1.00E-04,0,88.5,15,3.5,0,0,75
Irrigated,OSU 102,3,247.72485,4.87815,15.3253,0.19405,0.0755,1429,1084.5,101.5,122.3153,108.58195,13.526,3.18135,0.08195,3.8226,7.2108,1.6019,0.6167,0.02725,1.21675,2.29525,0.5099,0.1963,0.0087,0.0104,0.0395,0.01535,0.0098,7.00E-04,1068.5,329.5,27,4,0,76.19835,1.70875,5.3682,0.00925,0.0295,357,401.5,44.5,27.0668,41.32855,7.3039,0.41705,0.08195,0.8726,2.8578,0.8547,0.0948,0.02725,0.27775,0.90965,0.2721,0.0302,0.0087,0.0024,0.0163,0.00805,0.0018,7.00E-04,231.5,107.5,17,1,0,75
Rainfed,OSU 102,3,165.3055,2.7329,8.58565,0.17365,0.036,1443,414.5,48.5,94.85665,61.23765,7.983,1.22405,0,2.4131,4.03575,0.9313,0.22205,0,0.7681,1.2846,0.2964,0.0707,0,0.0058,0.02165,0.0088,0.0033,0,1219,199,22.5,2.5,0,91.186,1.3334,4.18885,0.01515,0.015,920,154.5,31.5,56.49665,30.83585,3.587,0.26245,0,1.2258,2.07465,0.3958,0.04545,0,0.3902,0.6604,0.126,0.0145,0,0.0026,0.01125,0.0035,6.00E-04,0,808,102,10.5,0.5,0,75
Irrigated,OSU 105,3,98.15825,1.61415,5.07105,0.16475,0.021,533,202,15,56.6005,39.95625,1.58175,0.01975,0,1.7752,2.4978,0.1785,0.00335,0,0.56505,0.79505,0.05685,0.00105,0,0.0048,0.01285,0.0016,5.00E-05,0,421.5,107,4.5,0,0,56.62685,0.92745,2.91375,0.00055,0.012,303,134,12,32.6291,23.44995,0.52805,0.01975,0,1.0261,1.4529,0.0583,0.00335,0,0.32665,0.46245,0.01855,0.00105,0,0.0028,0.00735,5.00E-04,5.00E-05,0,246.5,55,1.5,0,0,75
Rainfed,OSU 105,3,122.17215,2.24455,7.0516,0.17675,0.033,823.5,503.5,47.5,69.64635,43.6754,7.8825,0.9679,0,2.0852,2.9046,0.92575,0.17935,0,0.66375,0.9246,0.29465,0.0571,0,0.0055,0.01595,0.0088,0.0027,0,651,151.5,19,2,0,36.11965,0.92595,2.909,0.02355,0.017,262.5,249.5,22.5,9.20375,20.6121,5.7704,0.5334,0,0.3045,1.4275,0.67755,0.09115,0,0.09695,0.4544,0.21565,0.029,0,9.00E-04,0.00815,0.0064,0.0012,0,168,78.5,15,1,0,75
Irrigated,OSU 107,3,110.8379,1.8353,5.7658,0.17055,0.024,649,283,27.5,66.8877,40.7848,3.04875,0.0895,0,2.04925,2.6246,0.34945,0.01685,0,0.6523,0.8354,0.11125,0.00535,0,0.0055,0.0139,0.0032,0.00025,0,516,126,7,0,0,34.2176,0.4067,1.2777,0.01595,0.003,165,99,11.5,30.1314,4.949,0.81275,0.0712,0,0.91665,0.2485,0.08975,0.01375,0,0.2918,0.0791,0.02855,0.00435,0,0.0024,0.0009,8.00E-04,0.00025,0,157,8,0,0,0,75
Rainfed,OSU 107,3,116.8,2.068,6.49695,0.1739,0.029,712.5,424,36,66.36205,45.0052,5.13885,0.28795,0,2.06485,2.9121,0.6035,0.05325,0,0.6573,0.92695,0.1921,0.01695,0,0.0056,0.0155,0.00575,8.00E-04,0,551,143,17,1.5,0,37.7898,0.7716,2.42405,0.0098,0.012,275.5,175,12,16.88605,17.3664,3.42525,0.10615,0,0.51395,1.1518,0.4032,0.02095,0,0.1636,0.36665,0.1283,0.00665,0,0.0014,0.0063,0.00385,3.00E-04,0,194,69,11,1.5,0,75
Irrigated,OSU 12,3,122.4088,2.29165,7.19935,0.21595,0.0345,749.5,418.5,33.5,66.3832,48.03585,6.9118,1.07795,0,2.09575,3.1621,0.8337,0.19615,0,0.6671,1.00655,0.2654,0.06245,0,0.00575,0.01715,0.00815,0.0029,0,548,187.5,12.5,1.5,0,84.2146,1.30745,4.10755,0.04175,0.0145,577.5,214.5,20.5,53.6956,31.20705,0.2127,0.47535,0,1.70145,1.9922,0.0552,0.09155,0,0.5416,0.63415,0.0176,0.02915,0,0.00465,0.01045,0.00085,0.0014,0,429,137.5,9.5,1.5,0,75
Rainfed,OSU 12,3,206.40735,4.21785,13.25085,0.2065,0.068,1316,721.5,55.5,92.6022,95.3458,15.6137,2.69535,0.0185,2.9511,6.3959,1.8281,0.504,0.00595,0.93935,2.03585,0.5819,0.1604,0.0019,0.0081,0.03535,0.0173,0.00765,0.00015,865.5,395,49.5,6,0,42.00875,0.65085,2.04475,0.0105,0.007,230,183.5,21.5,29.2922,10.6582,3.0256,0.98525,0.0185,0.9099,0.6593,0.3456,0.1939,0.00595,0.28965,0.20985,0.11,0.0617,0.0019,0.0024,0.00335,0.0032,0.00305,0.00015,214.5,22,6.5,0,0,75
Irrigated,OSU 124,3,174.37535,3.1942,10.03475,0.179,0.046,985.5,628,62.5,90.3417,75.71015,7.45025,0.69115,0,2.85075,4.87425,0.8727,0.1252,0,0.9074,1.55155,0.27775,0.0398,0,0.0078,0.0258,0.00825,0.0018,0,751,215,18,1.5,0,41.16915,1.0443,3.28075,0.0176,0.019,168.5,259,30.5,8.0769,27.20065,5.03775,0.67175,0,0.33395,1.80095,0.5992,0.1219,0,0.1063,0.57325,0.19075,0.0388,0,0.0011,0.0098,0.00575,0.0018,0,111,47,9,1.5,0,75
Rainfed,OSU 124,3,185.9047,3.49135,10.9683,0.18775,0.0515,1249.5,651.5,58,92.3759,81.9454,10.40615,1.09015,0.0194,2.8259,5.39675,1.20465,0.2173,0.00625,0.8995,1.71785,0.38345,0.0692,0.002,0.0076,0.0293,0.01125,0.00365,0.00015,939,279.5,27,4,0,2.2796,0.13485,0.4236,0.00495,0.0035,64.5,43.5,13,2.966,3.7766,0.80445,0.60625,0.0194,0.1018,0.28665,0.08605,0.1304,0.00625,0.0324,0.09125,0.02745,0.0415,0.002,3.00E-04,0.0017,0.00075,0.00235,0.00015,32,29.5,1,2,0,75
Irrigated,OSU 127,3,21.7527,0.3156,0.9915,0.1451,0.004,182,30,1,13.4986,7.597,0.5196,0.1373,0,0.3279,0.4972,0.0627,0.0271,0,0.1044,0.1583,0.02,0.0086,0,8.00E-04,0.0026,6.00E-04,4.00E-04,0,152,27,3,0,0,NA,NA,NA,NA,NA,NA,NA,NA,NA,NA,NA,NA,NA,NA,NA,NA,NA,NA,NA,NA,NA,NA,NA,NA,NA,NA,NA,NA,NA,NA,NA,NA,NA,75
Rainfed,OSU 127,3,222.9679,3.6083,11.33585,0.1659,0.0465,1386,930.5,106,148.0423,66.00585,7.8572,0.9848,0.015,4.2824,4.275,0.9331,0.17995,0.005,1.36315,1.3608,0.297,0.0573,0.0016,0.011,0.02285,0.00895,0.00265,0.00015,1172.5,196,17.5,0,0,48.7325,0.3896,1.22385,0.0188,5.00E-04,239,55.5,7,49.5417,1.10705,1.2289,0.6553,0.015,1.3127,0.0465,0.1642,0.12165,0.005,0.41785,0.0148,0.0523,0.0387,0.0016,0.0031,0.00015,0.00175,0.00185,0.00015,259.5,16,4.5,0,0,75
Irrigated,OSU 137,3,56.0827,0.96815,3.0416,0.17015,0.013,370,194.5,13.5,32.70995,20.71605,2.4712,0.14295,0,0.96075,1.36765,0.29035,0.02465,0,0.30585,0.4353,0.0924,0.00785,0,0.0025,0.00745,0.00275,0.00035,0,304.5,61,4.5,0,0,16.4849,0.32775,1.0297,0.00845,0.005,149,106.5,12.5,8.89835,5.95855,1.4425,0.14295,0,0.27125,0.42065,0.17225,0.02465,0,0.08635,0.1339,0.0548,0.00785,0,7.00E-04,0.00245,0.00165,0.00035,0,119.5,26,3.5,0,0,75
Rainfed,OSU 137,3,130.3872,2.6809,8.4222,0.2056,0.043,724,473,40,58.2787,60.6144,9.5011,1.7369,0.2428,1.8319,3.9998,1.1073,0.3799,0.081,0.5831,1.2732,0.3525,0.1209,0.0258,0.005,0.0218,0.0104,0.0069,0.0022,523,180,17,4,0,NA,NA,NA,NA,NA,NA,NA,NA,NA,NA,NA,NA,NA,NA,NA,NA,NA,NA,NA,NA,NA,NA,NA,NA,NA,NA,NA,NA,NA,NA,NA,NA,NA,75
Irrigated,OSU 144,3,33.2642,0.5384,1.6914,0.1619,0.007,187,47,5,20.5343,11.7195,1.0103,0,0,0.6007,0.7841,0.1191,0,0,0.1912,0.2496,0.0379,0,0,0.0015,0.0043,0.0011,0,0,147,39,1,0,0,NA,NA,NA,NA,NA,NA,NA,NA,NA,NA,NA,NA,NA,NA,NA,NA,NA,NA,NA,NA,NA,NA,NA,NA,NA,NA,NA,NA,NA,NA,NA,NA,NA,75
Rainfed,OSU 144,3,205.8687,3.99925,12.56405,0.19225,0.0615,1232.5,879,96.5,104.3398,85.314,14.6913,1.3588,0,3.2395,5.72445,1.72995,0.2456,0,1.03115,1.8222,0.5507,0.07815,0,0.00875,0.0318,0.0165,0.0036,0,944,266,21,1.5,0,33.0363,0.89125,2.79985,0.01245,0.0175,275.5,268,27.5,8.2735,15.7989,7.8501,0.987,0,0.0724,1.24815,0.93455,0.1782,0,0.02305,0.3973,0.2975,0.05675,0,0.00015,0.008,0.009,0.0026,0,213,56,7,0.5,0,75
Irrigated,OSU 15,3,72.8179,1.17715,3.6982,0.16305,0.015,467,186,17.5,45.67675,24.9152,2.18685,0.0391,0,1.34315,1.5983,0.2554,0.0066,0,0.42755,0.50875,0.08125,0.00215,0,0.0035,0.00845,0.0024,1.00E-04,0,388,69.5,9.5,0,0,36.8595,0.58105,1.8254,0.00275,0.007,178,78,12.5,24.68315,11.505,0.66535,0.006,0,0.75605,0.7534,0.0749,0.0011,0,0.24065,0.23985,0.02385,0.00035,0,0.002,0.00405,7.00E-04,0,0,146,29.5,2.5,0,0,75
Rainfed,OSU 15,3,306.21325,5.5051,17.29475,0.1839,0.078,1996.5,1333,145.5,170.876,117.2499,16.64445,1.25905,0,4.9776,7.69725,1.95545,0.23135,0,1.58445,2.45015,0.62245,0.07365,0,0.0129,0.0416,0.0186,0.00345,0,1588.5,371,35,2,0,121.26865,1.9108,6.00295,0.0104,0.023,887.5,394,65.5,80.4199,36.3271,4.10175,0.41465,0,2.2247,2.34005,0.48755,0.07875,0,0.70815,0.74485,0.15515,0.02505,0,0.0055,0.0124,0.0047,0.00125,0,712.5,163,14,2,0,75
Irrigated,OSU 16,3,168.09785,3.0141,9.46915,0.1738,0.0425,907,599.5,82.5,95.57595,64.4816,7.58545,0.41395,0,2.90125,4.3075,0.8745,0.07855,0,0.9235,1.37115,0.27835,0.025,0,0.00775,0.02375,0.00815,0.0012,0,725.5,167.5,13,1,0,122.71855,2.2596,7.09865,0.0075,0.0325,649,504.5,66.5,67.83285,49.4822,4.99555,0.36705,0,2.14365,3.2524,0.5829,0.06975,0,0.6823,1.03525,0.18555,0.0222,0,0.00585,0.01765,0.00555,0.0011,0,507.5,131.5,9,1,0,75
Rainfed,OSU 16,3,205.009,3.69265,11.60075,0.18075,0.0525,1438,953,97.5,113.8728,79.63185,9.95195,1.38605,0,3.37675,5.20635,1.16845,0.2557,0,1.07485,1.65725,0.3719,0.0814,0,0.00885,0.02805,0.0111,0.00385,0,1165.5,244,24.5,4,0,17.9036,0.17315,0.54405,0.00735,5.00E-04,262,87,21.5,18.0507,0.70545,0.41475,0.42725,0,0.48215,0.07375,0.05555,0.0825,0,0.15345,0.02345,0.0177,0.0263,0,0.00115,0.00055,6.00E-04,0.00135,0,208.5,51,2.5,0,0,75
Irrigated,OSU 18,3,67.39885,1.07995,3.3927,0.16075,0.0135,522.5,236,14,41.9278,23.64755,1.7529,0.0375,0,1.21475,1.5219,0.2007,0.0063,0,0.38665,0.4844,0.06385,0.002,0,0.0031,0.00805,0.00185,1.00E-04,0,446,74.5,2,0,0,10.88625,0.15175,0.4768,0.00345,0.0015,84.5,42,3,8.383,1.86885,0.6103,0.009,0,0.21755,0.13,0.0674,0.0017,0,0.06925,0.0414,0.02145,6.00E-04,0,5.00E-04,0.00075,0.00055,0,0,81,2.5,1,0,0,75
Rainfed,OSU 18,3,137.7339,2.347,7.3733,0.1704,0.031,842,520,51,86.6601,44.3046,6.2617,0.4981,0,2.593,2.8928,0.7344,0.0953,0,0.8254,0.9208,0.2338,0.0303,0,0.0068,0.0156,0.007,0.0015,0,691,130,21,0,0,NA,NA,NA,NA,NA,NA,NA,NA,NA,NA,NA,NA,NA,NA,NA,NA,NA,NA,NA,NA,NA,NA,NA,NA,NA,NA,NA,NA,NA,NA,NA,NA,NA,75
Irrigated,OSU 19,3,50.74375,0.77675,2.4404,0.15295,0.009,321.5,95,6.5,34.99025,14.8519,0.8564,0.009,0,1.0429,0.97665,0.09915,0.0015,0,0.33195,0.3109,0.0316,5.00E-04,0,0.0027,0.00525,9.00E-04,0,0,279,40.5,2,0,0,16.69395,0.25745,0.8088,0.00045,0.003,97.5,39,2.5,12.72985,4.0525,0.0612,0.009,0,0.4039,0.27685,0.00445,0.0015,0,0.12855,0.0881,0.0014,5.00E-04,0,0.0011,0.00155,0,0,0,78,18.5,1,0,0,75
Rainfed,OSU 19,3,64.3894,1.0195,3.2028,0.15245,0.0125,485,193,16.5,41.0721,21.2359,1.863,0.14605,0,1.14875,1.36035,0.21835,0.02615,0,0.36565,0.433,0.0695,0.00835,0,0.0029,0.0072,0.00205,4.00E-04,0,417,62.5,5,0.5,0,44.9954,0.7402,2.3254,0.00845,0.0095,347,151,13.5,27.7234,15.6978,1.4096,0.09215,0,0.78535,1.02505,0.16605,0.01575,0,0.24995,0.3263,0.0529,0.00505,0,0.002,0.0055,0.00155,2.00E-04,0,292,50.5,5,0.5,0,75
Irrigated,OSU 24,3,187.5118,3.0561,9.60105,0.15545,0.0395,1122,678,92.5,121.59915,58.235,7.0664,0.4813,0,3.55915,3.78665,0.81635,0.0895,0,1.1329,1.2053,0.25985,0.0285,0,0.00925,0.02025,0.0076,0.00135,0,959.5,151,11,0.5,0,127.3641,2.1874,6.87205,0.01105,0.0295,640,366,59.5,78.31985,42.0301,6.4029,0.4813,0,2.36185,2.73195,0.74095,0.0895,0,0.7518,0.8696,0.23585,0.0285,0,0.00625,0.01465,0.0069,0.00135,0,526.5,103,10,0.5,0,75
Rainfed,OSU 24,3,234.1871,4.04725,12.71475,0.17295,0.055,1699,896.5,94.5,137.58555,86.8022,9.02225,0.56055,0.0046,4.1576,5.6875,1.04805,0.0999,0.00155,1.3234,1.8104,0.3336,0.03175,5.00E-04,0.011,0.0307,0.00985,0.0014,5.00E-05,1342.5,332,23.5,1,0,36.745,0.61775,1.94075,0.00075,0.008,126,251.5,31.5,22.83765,14.36,0.61045,0.27335,0.0046,0.6784,0.9269,0.07515,0.052,0.00155,0.2159,0.295,0.0239,0.01655,5.00E-04,0.0018,0.0049,0.00075,8.00E-04,5.00E-05,121.5,9,4.5,0,0,75
Irrigated,OSU 33,3,79.9009,1.084,3.40535,0.1354,0.012,574.5,305,34,60.44945,18.37455,1.0468,0.03015,0,1.6247,1.17185,0.1197,0.0051,0,0.51715,0.37305,0.0381,0.0016,0,0.00395,0.00615,0.0011,5.00E-05,0,520.5,52.5,1.5,0,0,33.9005,0.464,1.45765,0.0006,0.005,320.5,186,19,24.68175,8.87595,0.3127,0.03015,0,0.6302,0.57035,0.0338,0.0051,0,0.20065,0.18155,0.0108,0.0016,0,0.00145,0.00305,3.00E-04,5.00E-05,0,294.5,24.5,1.5,0,0,75
Rainfed,OSU 33,3,221.2494,4.4136,13.86575,0.18665,0.0695,1329.5,1006,105,108.72695,92.6228,17.30695,2.5288,0.0257,3.373,6.1086,2.06415,0.4837,0.00865,1.07365,1.9444,0.65705,0.15395,0.00275,0.00915,0.03325,0.0199,0.0076,0.00025,987.5,307,32,3,0,163.3726,3.434,10.78835,0.01735,0.0565,1015.5,833,94,74.27385,70.7691,15.81685,2.4488,0.0257,2.2842,4.6923,1.89645,0.4695,0.00865,0.72705,1.4936,0.60365,0.14945,0.00275,0.00615,0.02565,0.0184,0.0074,0.00025,731.5,250,31,3,0,75
Irrigated,OSU 35,3,134.19925,2.16535,6.80255,0.1569,0.028,842.5,452.5,39.5,86.82695,43.45355,3.51835,0.3484,0,2.63095,2.71985,0.41915,0.06205,0,0.83745,0.86575,0.1334,0.01975,0,0.00695,0.014,0.00405,9.00E-04,0,704.5,127.5,10,0.5,0,52.99315,0.98185,3.08455,0.0112,0.014,375.5,276.5,28.5,29.04055,20.73865,2.81355,0.3484,0,0.87665,1.32905,0.34145,0.06205,0,0.27905,0.42305,0.1087,0.01975,0,0.00235,0.007,0.00335,9.00E-04,0,292.5,76.5,6,0.5,0,75
Rainfed,OSU 35,3,176.1566,3.1697,9.95795,0.1796,0.045,1156,617,69,96.57955,70.2875,8.543,0.70995,0,2.8769,4.66365,0.99535,0.12835,0,0.91575,1.4845,0.31685,0.04085,0,0.00755,0.0255,0.0094,0.0019,0,914,214,27.5,0.5,0,52.7281,0.9647,3.03075,0.001,0.014,278,161,22,28.65395,21.2063,2.6414,0.19575,0,0.9102,1.43285,0.29855,0.03535,0,0.28975,0.4561,0.09505,0.01125,0,0.00245,0.008,0.0027,5.00E-04,0,218,52,7.5,0.5,0,75
Irrigated,OSU 38,3,131.64725,2.0211,6.3495,0.1537,0.0245,751,361,32.5,85.98215,42.9261,2.5988,0.1288,0,2.45995,2.73145,0.3011,0.02315,0,0.783,0.86945,0.0958,0.00735,0,0.00625,0.01425,0.0028,0.00035,0,644.5,102,4,0.5,0,24.59795,0.3672,1.1537,0.0008,0.0045,148,110,11.5,20.28025,4.0219,0.3216,0.0372,0,0.66445,0.26725,0.0408,0.00475,0,0.2115,0.08505,0.013,0.00155,0,0.00185,0.00145,4.00E-04,5.00E-05,0,140.5,9,1,0.5,0,75
Rainfed,OSU 38,3,87.70075,1.7393,5.4641,0.1787,0.0275,588.5,405,38.5,41.2256,38.28965,7.4942,0.68485,0,1.20395,2.58335,0.87605,0.12555,0,0.3832,0.8223,0.2789,0.03995,0,0.00315,0.0143,0.0083,0.00185,0,460.5,112.5,13,2.5,0,67.36165,1.428,4.4861,0.0256,0.0235,341.5,377,34.5,30.2006,29.44775,7.0222,0.68485,0,0.93875,1.99175,0.82435,0.12555,0,0.2988,0.634,0.2624,0.03995,0,0.00255,0.0111,0.0078,0.00185,0,261.5,68.5,9,2.5,0,75
Irrigated,OSU 40,3,83.7666,1.4072,4.42095,0.1679,0.0185,576,177.5,15.5,44.3856,36.5723,2.7644,0.0442,0,1.2802,2.39305,0.31865,0.0073,0,0.4075,0.76175,0.10145,0.0023,0,0.00335,0.0128,0.00295,1.00E-04,0,460,111,4,1,0,4.513,0.0911,0.28625,0.0018,0.0015,7,55.5,8.5,6.5108,1.8772,0.1098,0.0107,0,0.3059,0.15305,0.01295,0.0016,0,0.0974,0.04875,0.00415,5.00E-04,0,0.00095,9.00E-04,0.00015,0,0,3,14,3,1,0,75
Rainfed,OSU 40,3,247.01205,4.419,13.88285,0.1754,0.0625,1528,1146.5,140.5,137.67005,97.03295,10.98785,1.14915,0.0046,4.1618,6.30135,1.28545,0.21825,0.0015,1.32475,2.00575,0.40915,0.0695,0.00045,0.0111,0.0337,0.0122,0.0034,5.00E-05,1201.5,303.5,18.5,4.5,0,107.99955,2.0915,6.57065,0.008,0.0315,555,635.5,75.5,53.36185,48.09405,5.64335,0.83015,0.0046,1.7206,3.08585,0.66785,0.15465,0.0015,0.54765,0.98225,0.21255,0.0492,0.00045,0.0048,0.0163,0.0064,0.0023,5.00E-05,403.5,138.5,9.5,3.5,0,75
Irrigated,OSU 44,3,60.9321,0.8651,2.7179,0.142,0.01,456,169,15,44.4748,15.6812,0.7761,0,0,1.2963,0.9711,0.0862,0,0,0.4126,0.3091,0.0274,0,0,0.0033,0.0049,8.00E-04,0,0,397,57,2,0,0,NA,NA,NA,NA,NA,NA,NA,NA,NA,NA,NA,NA,NA,NA,NA,NA,NA,NA,NA,NA,NA,NA,NA,NA,NA,NA,NA,NA,NA,NA,NA,NA,NA,75
Rainfed,OSU 44,3,49.4654,0.8627,2.7104,0.1744,0.012,366,137,5,29.138,17.5999,1.969,0.7585,0,0.8751,1.1291,0.2324,0.1426,0,0.2785,0.3594,0.074,0.0454,0,0.0023,0.006,0.0022,0.0022,0,278,81,6,1,0,NA,NA,NA,NA,NA,NA,NA,NA,NA,NA,NA,NA,NA,NA,NA,NA,NA,NA,NA,NA,NA,NA,NA,NA,NA,NA,NA,NA,NA,NA,NA,NA,NA,75
Irrigated,OSU 47,3,48.46485,0.70495,2.21455,0.1514,0.0085,353.5,74,4.5,33.64175,13.2931,1.4444,0.07715,0,0.92325,0.86795,0.1724,0.01575,0,0.29385,0.27625,0.0549,0.005,0,0.0023,0.00465,0.00165,0.00025,0,315.5,34.5,3,0.5,0,22.25255,0.27435,0.86185,0.0129,0.0025,118.5,41,4.5,19.11435,3.8604,0.792,0.06135,0,0.55965,0.23725,0.0967,0.01325,0,0.17815,0.07555,0.0308,0.0042,0,0.0014,0.00125,0.00095,0.00025,0,109.5,8.5,0,0.5,0,75
Rainfed,OSU 47,3,291.2471,6.4385,20.2272,0.2211,0.112,1462,1216,157,108.6947,149.0279,29.6607,3.7481,0.0892,3.492,9.9448,3.5474,0.6999,0.0309,1.1115,3.1655,1.1292,0.2228,0.0098,0.0097,0.0547,0.0343,0.0106,9.00E-04,971,438,50,3,0,NA,NA,NA,NA,NA,NA,NA,NA,NA,NA,NA,NA,NA,NA,NA,NA,NA,NA,NA,NA,NA,NA,NA,NA,NA,NA,NA,NA,NA,NA,NA,NA,NA,75
Irrigated,OSU 48,3,66.9611,1.291,4.0559,0.1928,0.02,446,268,16,35.4175,24.0693,6.8261,0.6422,0,1.0469,1.6464,0.803,0.1168,0,0.3332,0.5241,0.2556,0.0372,0,0.0027,0.0093,0.0076,0.0017,0,369,61,16,0,0,NA,NA,NA,NA,NA,NA,NA,NA,NA,NA,NA,NA,NA,NA,NA,NA,NA,NA,NA,NA,NA,NA,NA,NA,NA,NA,NA,NA,NA,NA,NA,NA,NA,75
Rainfed,OSU 48,3,373.118,7.50315,23.5719,0.20025,0.119,2172,1624.5,203.5,172.0683,170.13995,27.78425,2.83205,0.0393,5.25315,11.41715,3.2756,0.52795,0.01425,1.67215,3.6342,1.04265,0.16805,0.00455,0.0141,0.06325,0.03125,0.00795,4.00E-04,1532.5,574.5,61,4,0,23.5846,0.96705,3.038,0.01325,0.023,369,133.5,15.5,11.7077,25.55545,8.24725,1.34965,0.0393,0.21875,1.75985,0.9658,0.25315,0.01425,0.06965,0.5602,0.30745,0.08055,0.00455,3.00E-04,0.01005,0.00915,0.00385,4.00E-04,138.5,209.5,19,2,0,75
Irrigated,OSU 51,3,80.7478,1.5411,4.84145,0.16455,0.023,504.5,245.5,16.5,40.71365,34.50785,4.86015,0.58875,0,1.25565,2.33925,0.5604,0.1094,0,0.3997,0.7446,0.17835,0.0348,0,0.00335,0.01305,0.00525,0.00165,0,354,132,16.5,2,0,64.6485,1.3291,4.17555,0.03285,0.021,427.5,215.5,14.5,26.96555,32.41575,4.60105,0.58875,0,0.83415,2.21455,0.5304,0.1094,0,0.2655,0.7049,0.16885,0.0348,0,0.00225,0.01245,0.00495,0.00165,0,286,123,16.5,2,0,75
Rainfed,OSU 51,3,122.7155,2.12565,6.6779,0.1642,0.0295,771,397,32.5,77.041,37.42155,7.2479,0.98815,0,2.36405,2.4387,0.87415,0.1736,0,0.7525,0.77625,0.27825,0.05525,0,0.0063,0.01315,0.00855,0.00245,0,633.5,124.5,11.5,1.5,0,57.7427,1.18345,3.7179,0.0192,0.0185,308,274,21.5,29.5195,21.09505,6.1232,0.98815,0,0.92405,1.3951,0.75185,0.1736,0,0.2941,0.44405,0.23935,0.05525,0,0.0025,0.00765,0.00745,0.00245,0,226.5,72.5,7.5,1.5,0,75
Irrigated,OSU 52,3,76.47255,1.30845,4.11065,0.1635,0.0175,473.5,204,19.5,44.5752,28.88515,2.5673,0.42305,0,1.3713,1.86295,0.28995,0.0778,0,0.43645,0.593,0.0923,0.02475,0,0.00365,0.00985,0.00265,0.00115,0,390,76.5,7,0,0,53.02465,0.95085,2.98715,0.011,0.0135,302.5,164,14.5,31.2212,19.16815,2.2046,0.40935,0,1.0237,1.23275,0.25015,0.0756,0,0.32585,0.3924,0.0796,0.02405,0,0.00285,0.00655,0.00225,0.00115,0,255,41.5,6,0,0,75
Rainfed,OSU 52,3,101.95845,1.9202,6.03265,0.1858,0.0285,646,435.5,33,52.2592,43.1615,5.78115,0.7077,0.0164,1.5933,2.83775,0.6799,0.12705,0.0056,0.5072,0.9033,0.2164,0.04045,0.0018,0.0043,0.0154,0.0065,0.0018,0.00015,497.5,134.5,13,1,0,58.18835,1.1261,3.53775,0.0044,0.0175,378,303.5,15,27.0379,27.2498,3.48865,0.3959,0.0164,0.8005,1.80235,0.4105,0.06715,0.0056,0.2548,0.5737,0.1307,0.02135,0.0018,0.0021,0.0098,0.0039,9.00E-04,0.00015,280.5,89.5,8,0,0,75
Irrigated,OSU 53,3,40.2937,0.611,1.91965,0.1651,0.0075,399,291,39,27.49505,11.51035,1.0313,0.2356,0,0.6962,0.7466,0.11925,0.0519,0,0.2216,0.23765,0.03795,0.0165,0,0.00165,0.004,0.00115,0.00095,0,354,41.5,2.5,1,0,28.5989,0.3959,1.24375,0.0189,0.0045,303,277,38,22.14355,5.53995,0.6643,0.2296,0,0.5381,0.3307,0.07775,0.0509,0,0.1713,0.10525,0.02475,0.0162,0,0.00125,0.0016,0.00075,0.00095,0,275,25.5,1.5,1,0,75
Rainfed,OSU 53,3,92.1929,1.5613,4.90505,0.17155,0.021,792,228,19.5,51.77775,34.7034,5.52825,0.1828,0,1.39545,2.298,0.62955,0.0317,0,0.4442,0.7315,0.2004,0.0101,0,0.00345,0.0124,0.0058,0.00045,0,648,124.5,19,0.5,0,17.2329,0.189,0.59375,0.01155,0.001,266,26,3.5,13.19565,1.1184,2.87565,0.0426,0,0.17005,0.127,0.32805,0.0055,0,0.0541,0.0404,0.1044,0.0018,0,5.00E-05,9.00E-04,0.003,5.00E-05,0,255,1.5,10,0.5,0,75
Irrigated,OSU 60,3,238.76495,4.37395,13.7411,0.1819,0.063,1307,868.5,95.5,128.55895,98.71935,10.0026,1.45485,0.0203,4.0481,6.4233,1.1767,0.28145,0.00645,1.28855,2.0446,0.37455,0.0896,0.00205,0.01105,0.03445,0.0112,0.00445,2.00E-04,992,285,28,2,0,69.43705,1.36985,4.3035,0.0045,0.021,334,499.5,60.5,39.12535,25.35315,4.0091,0.94725,0.0111,1.2862,1.6181,0.4864,0.18875,0.00345,0.40945,0.5151,0.15485,0.0601,0.00115,0.00365,0.00855,0.0048,0.00305,1.00E-04,234,90,10,0,0,75
Rainfed,OSU 60,3,103.1105,2.115,6.6444,0.2051,0.034,648,265,22,44.8268,47.6535,9.7929,0.8373,0,1.39,3.1877,1.1721,0.1581,0,0.4425,1.0147,0.3731,0.0503,0,0.0038,0.0176,0.0113,0.0024,0,472,157,18,1,0,NA,NA,NA,NA,NA,NA,NA,NA,NA,NA,NA,NA,NA,NA,NA,NA,NA,NA,NA,NA,NA,NA,NA,NA,NA,NA,NA,NA,NA,NA,NA,NA,NA,75
Irrigated,OSU 61,3,440.5096667,7.271433333,22.84386667,0.1688,0.095666667,2237.666667,1678,343,278.0969,142.8254,17.74296667,1.724133333,0,8.068466667,9.315666667,2.092466667,0.326033333,0,2.568266667,2.9653,0.666033333,0.103766667,0,0.0207,0.0501,0.019966667,0.005,0,1799.333333,392.3333333,42,4,0,173.1511124,2.562223457,8.049464079,0.011981792,0.031671929,769.8286245,645.9094364,225.4070392,131.7690882,46.95337288,5.292997715,0.595302459,0,3.706689143,3.069389718,0.620924564,0.111690545,0,1.179862611,0.97701587,0.197625339,0.035541259,0,0.009248243,0.016554254,0.005883404,0.001703917,0,664.5084232,171.1688575,16.82260384,1.527525232,0,75
Rainfed,OSU 61,3,261.98315,4.7443,14.90465,0.17975,0.0675,1676,1276,155,151.2721,91.8423,15.81935,2.88055,0.0704,4.4083,6.09565,1.8832,0.54255,0.02905,1.4032,1.9403,0.5994,0.17275,0.00925,0.0114,0.0334,0.0181,0.00825,0.00095,1344.5,297.5,32.5,1,0.5,131.94305,2.4408,7.66815,0.00265,0.0355,838,804,120,79.6358,40.1313,9.40425,2.70965,0.0704,2.2488,2.66345,1.1508,0.51225,0.02905,0.7158,0.8478,0.3663,0.16305,0.00925,0.0057,0.0146,0.0114,0.00785,0.00095,712.5,114.5,9.5,1,0.5,75
Irrigated,OSU 65,3,103.56755,1.76785,5.5539,0.16915,0.0235,662.5,276.5,23.5,56.83595,42.5688,3.98485,0.1657,0,1.62155,2.8496,0.45,0.02825,0,0.5162,0.90705,0.14325,0.009,0,0.0042,0.01565,0.0041,4.00E-04,0,521.5,129.5,10.5,1,0,48.20985,0.85005,2.6706,0.00335,0.0115,144.5,196.5,17.5,29.82325,16.2504,1.98675,0.1388,0,0.97855,1.0219,0.2277,0.02385,0,0.3115,0.32525,0.07245,0.0076,0,0.0027,0.00535,0.0021,3.00E-04,0,98.5,41.5,4.5,0,0,75
Rainfed,OSU 65,3,214.3937,4.1076,12.90435,0.195,0.062,1292,973,110.5,113.69545,82.77125,15.26985,2.5357,0.0649,3.3502,5.43585,1.8382,0.4887,0.03365,1.0664,1.73025,0.5851,0.1556,0.0107,0.00875,0.0294,0.0179,0.00775,0.00145,1043,220,26.5,2.5,0,127.2278,2.3584,7.40905,0.0057,0.034,791,664,85.5,71.49415,45.41335,9.09815,1.2199,0.0543,2.0944,2.98095,1.1055,0.234,0.03015,0.6667,0.94885,0.3519,0.0745,0.0096,0.00545,0.0161,0.0109,0.00365,0.00135,677,101,11.5,1.5,0,75
Irrigated,OSU 74,3,159.5119,2.6308,8.2649,0.1649,0.034,1205,456,38.5,102.1961,50.82475,5.8457,0.6098,0.0134,3.0602,3.2975,0.69025,0.1159,0.00475,0.9741,1.0496,0.2197,0.03685,0.0015,0.00805,0.01765,0.00655,0.00175,0.00015,983,205,14,3,0,1.0501,0.0956,0.3004,0.0049,0.002,200,99,6.5,0.9004,1.36775,0.4582,0.1159,0.0134,0.0258,0.1144,0.05055,0.0253,0.00475,0.0082,0.0364,0.0161,0.00805,0.0015,0.00015,0.00075,0.00045,0.00045,0.00015,148,46,6,0,0,75
Rainfed,OSU 74,3,124.29615,2.60805,8.1934,0.2076,0.043,702.5,437.5,37.5,53.66215,53.55195,15.59195,1.474,0,1.57695,3.61685,1.89035,0.2647,0,0.502,1.15125,0.6017,0.08425,0,0.0041,0.02005,0.0185,0.00385,0,512.5,165.5,23.5,1,0,80.27225,1.70905,5.369,0.0034,0.029,461.5,380.5,30.5,34.91405,36.10165,8.96155,0.2797,0,1.09585,2.40575,1.10865,0.0495,0,0.3488,0.76575,0.3529,0.01575,0,0.003,0.01325,0.0111,0.00075,0,325.5,116.5,18.5,1,0,75
Irrigated,OSU 86,3,251.8316,3.88645,12.20975,0.1565,0.048,1222,750.5,100,168.34095,78.3781,4.7045,0.29555,0.0832,4.90095,5.06145,0.54305,0.0561,0.02655,1.56005,1.61115,0.17285,0.0179,0.00845,0.0126,0.02685,0.00505,9.00E-04,0.00065,1014.5,194,13.5,0,0,34.4992,0.14475,0.45475,0.0157,0.003,39,82.5,44,44.61295,8.8674,1.2395,0.05975,0.0832,1.10695,0.64415,0.13745,0.0066,0.02655,0.35235,0.20505,0.04375,0.0021,0.00845,0.0025,0.00385,0.00125,0,0.00065,82.5,42,1.5,0,0,75
Rainfed,OSU 86,3,137.15415,2.4841,7.804,0.1711,0.0355,845,463.5,43,71.726,58.84485,5.9976,0.5166,0,2.1865,3.8699,0.6868,0.09485,0,0.696,1.2318,0.2186,0.0302,0,0.00585,0.02095,0.00635,0.0014,0,653,177,13.5,1.5,0,92.45655,1.7861,5.6113,0.0149,0.0265,516,325.5,23,43.052,44.21415,4.725,0.3964,0,1.3942,2.9257,0.5421,0.07455,0,0.4438,0.9313,0.1726,0.0237,0,0.00385,0.01595,0.00505,0.0011,0,390,114,10.5,1.5,0,75
Irrigated,OSU 90,3,270.06145,4.6688,14.6674,0.1735,0.064,1507,1316.5,188.5,160.7432,95.0449,12.4351,1.70675,0,4.7052,6.14405,1.44875,0.3346,0,1.4977,1.9557,0.46115,0.1065,0,0.01225,0.0327,0.01365,0.0054,0,1216.5,258.5,29,3,0,7.73455,0.414,1.3007,0.0203,0.013,120,292.5,24.5,32.6763,18.8989,4.932,1.06375,0,0.8998,1.28615,0.60105,0.213,0,0.2864,0.4094,0.19135,0.0678,0,0.00215,0.0072,0.00595,0.0035,0,151.5,28.5,2,1,0,75
Rainfed,OSU 90,3,324.53895,6.6303,20.8296,0.20395,0.1065,1729.5,1596,193,150.1066,144.2423,26.21075,3.82905,0,4.68075,9.57255,3.1061,0.7173,0,1.48995,3.04705,0.9887,0.22835,0,0.0127,0.0524,0.02975,0.01085,0,1285,398,43.5,3,0,106.01245,2.1982,6.9059,0.00115,0.0355,507.5,628,105,44.0823,52.2316,8.24005,1.43865,0,1.33285,3.36645,0.9945,0.2707,0,0.42425,1.07155,0.3166,0.08615,0,0.0036,0.0178,0.00975,0.00415,0,379,119,9.5,0,0,75
